region,predictors,k,aic,r2m,llf,delta_aic,weight
Honolulu,imperv + coast_km,2,289.7122194935086,0.35618199322173005,-139.8561097467543,0,0.18168811816676209
Honolulu,imperv + bldg + coast_km,3,289.79800178444304,0.3781087431845909,-138.89900089222152,0.08578229093444634,0.17406006402752247
Honolulu,imperv + aspect + coast_km,3,291.3229541268667,0.3625676729279732,-139.66147706343335,1.6107346333581063,0.0812007321698369
Honolulu,imperv + height + coast_km,3,291.4870752795677,0.36008751747044737,-139.74353763978385,1.7748557860591063,0.07480342611787599
Honolulu,imperv + water + coast_km,3,291.60060075307854,0.3569964911692005,-139.80030037653927,1.8883812595699396,0.07067563942162024
Honolulu,imperv + tree + coast_km,3,291.6866899785793,0.3564980023511564,-139.84334498928965,1.9744704850706967,0.06769797974179856
Honolulu,imperv + svf_point + coast_km,3,291.71062957750587,0.35622709800880664,-139.85531478875293,1.9984100839972712,0.0668924789590327
Honolulu,aspect + coast_km,2,292.498491188667,0.32504967596183965,-141.2492455943335,2.786271695158405,0.04511233593190289
Honolulu,bldg + aspect + coast_km,3,294.007507722545,0.3328194878116862,-141.0037538612725,4.295288229036373,0.021213705659372025
Honolulu,water + aspect + coast_km,3,294.019274606812,0.3317590359973473,-141.009637303406,4.30705511330342,0.021089262485758316
Honolulu,tree + aspect + coast_km,3,294.3543883207533,0.32668172341124446,-141.17719416037664,4.642168827244689,0.017835790968448294
Honolulu,coast_km,1,294.4125227353002,0.26678864982881006,-143.2062613676501,4.700303241791573,0.017324816610720755
Honolulu,svf_point + aspect + coast_km,3,294.45054966767873,0.32548629536791407,-141.22527483383936,4.73833017417013,0.016998523606202978
Honolulu,height + aspect + coast_km,3,294.4977198864413,0.32503740599987596,-141.24885994322065,4.785500392932704,0.016602302394516336
Honolulu,height + coast_km,2,294.6567327927124,0.29454288578188065,-142.3283663963562,4.944513299203777,0.015333422623473758
Honolulu,water + coast_km,2,295.04544236996867,0.28782710053416866,-142.52272118498433,5.33322287646007,0.012625014736975259
Honolulu,bldg + coast_km,2,295.1454643899548,0.28532429403287185,-142.5727321949774,5.433244896446183,0.012009153281143891
Honolulu,tree + coast_km,2,295.37864173237375,0.2817490594365014,-142.68932086618688,5.666422238865152,0.010687560138523202
Honolulu,tree + height + coast_km,3,295.43375257462833,0.31148919033191724,-141.71687628731416,5.7215330811197305,0.010397080443150417
Honolulu,water + height + coast_km,3,295.92390343450325,0.3052484692360345,-141.96195171725162,6.2116839409946465,0.008137228233553189
Honolulu,tree + water + coast_km,3,295.97002999271217,0.30281357042691703,-141.98501499635609,6.257810499203572,0.007951704681880382
Honolulu,svf_point + coast_km,2,296.06414369708193,0.2715772353461656,-143.03207184854097,6.351924203573333,0.007586189922610242
Honolulu,bldg + height + coast_km,3,296.21791001178417,0.30029002377947933,-142.10895500589208,6.505690518275571,0.007024797024818782
Honolulu,height + svf_point + coast_km,3,296.40656937545907,0.29772368505270275,-142.20328468772954,6.6943498819504725,0.0063924438198725226
Honolulu,bldg + water + coast_km,3,296.50467095480155,0.29524887767624836,-142.25233547740078,6.792451461292956,0.006086455241029312
Honolulu,tree + bldg + coast_km,3,296.794545456941,0.2901862039535276,-142.3972727284705,7.0823259634324245,0.005265249847941049
Honolulu,water + svf_point + coast_km,3,296.83308894976784,0.29053684002336877,-142.41654447488392,7.120869456259243,0.005164750794631576
Honolulu,bldg + svf_point + coast_km,3,297.06324974572465,0.28630192472012345,-142.53162487286232,7.351030252216049,0.004603313888042008
Honolulu,tree + svf_point + coast_km,3,297.1438509212111,0.28480040977667476,-142.57192546060554,7.431631427702484,0.004421486124430906
Honolulu,imperv + bldg + aspect,3,299.8641866494238,0.24560855722688626,-143.9320933247119,10.151967155915202,0.0011346315840819726
Honolulu,imperv + bldg + water,3,304.58153691960865,0.15740588175175127,-146.29076845980433,14.869317426100054,1.0727419712799043e-4
Honolulu,bldg + aspect,2,304.60322107318905,0.12666118930982234,-147.30161053659452,14.891001579680449,1.0611740439473139e-4
Honolulu,imperv + bldg + height,3,304.6283341424317,0.16203303520966644,-146.31416707121585,14.916114648923099,1.0479326821106151e-4
Honolulu,tree + bldg + aspect,3,304.9864663438152,0.1578151402842936,-146.4932331719076,15.27424685030661,8.761247833153329e-5
Honolulu,imperv + bldg,2,305.02604614011085,0.11412758849868294,-147.51302307005543,15.313826646602251,8.589567997143737e-5
Honolulu,aspect,1,305.5216527856181,0.06589697030850955,-148.76082639280904,15.809433292109475,6.704273243375803e-5
Honolulu,tree + height,2,305.648371192448,0.10499642238633893,-147.824185596224,15.936151698939398,6.29267285210742e-5
Honolulu,imperv + water,2,305.66211198887453,0.10115723268633507,-147.83105599443726,15.94989249536593,6.249587858794195e-5
Honolulu,height,1,305.69285400226556,0.06220754506790657,-148.84642700113278,15.980634508756964,6.154259922052548e-5
Honolulu,imperv,1,305.73555808478943,0.060051059622605193,-148.86777904239472,16.023338591280833,6.024246871747229e-5
Honolulu,imperv + water + height,3,306.091149641863,0.1338120816914393,-147.0455748209315,16.378930148354414,5.0429775556350255e-5
Honolulu,imperv + tree + bldg,3,306.15469589988504,0.13091141961169978,-147.07734794994252,16.442476406376443,4.885265155133505e-5
Honolulu,imperv + height,2,306.2918150912344,0.09151752061450359,-148.1459075456172,16.579595597725813,4.561556795579767e-5
Honolulu,tree + bldg + height,3,306.4229389291579,0.129675374071314,-147.21146946457895,16.71071943564931,4.272085215209221e-5
Honolulu,(null),0,306.4362504672023,0,-150.21812523360114,16.724030973693687,4.2437456182978166e-5
Honolulu,bldg + svf_point + aspect,3,306.5849997786296,0.1269992442210606,-147.2924998893148,16.872780285120996,3.939570172574509e-5
Honolulu,bldg + height + aspect,3,306.596151182398,0.12679977115334787,-147.298075591199,16.88393168888939,3.917665427652812e-5
Honolulu,bldg + water + aspect,3,306.60158853130946,0.12668691804096022,-147.30079426565473,16.88936903780086,3.9070290357233534e-5
Honolulu,tree,1,306.63840553898126,0.040960538145596116,-149.31920276949063,16.92618604547266,3.8357644266071115e-5
Honolulu,tree + aspect,2,306.8393698041343,0.08025962319012331,-148.41968490206716,17.127150310625723,3.469070224938995e-5
Honolulu,imperv + aspect,2,306.8564074158362,0.0796505558930847,-148.4282037079181,17.144187922327603,3.4396434078388963e-5
Honolulu,imperv + bldg + svf_point,3,307.0075860903072,0.11455442151736463,-147.5037930451536,17.2953665967986,3.18922668293145e-5
Honolulu,height + aspect,2,307.0481729539764,0.07610229538766476,-148.5240864769882,17.335953460467806,3.1251586079054296e-5
Honolulu,imperv + water + aspect,3,307.0494621844,0.11484859415611463,-147.5247310922,17.3372426908914,3.123144732284659e-5
Honolulu,water + aspect,2,307.07919911608496,0.07529245681000257,-148.53959955804248,17.366979622576366,3.077051875690903e-5
Honolulu,imperv + tree,2,307.2157564293472,0.07108721145733005,-148.6078782146736,17.50353693583861,2.8739669810562985e-5
Honolulu,imperv + tree + height,3,307.2929013293201,0.11187779207239308,-147.64645066466005,17.580681835811504,2.7652218000083157e-5
Honolulu,water + height,2,307.38231873376975,0.06887495958077829,-148.69115936688488,17.670099240261152,2.6443152484866992e-5
Honolulu,tree + water + height,3,307.3896522773011,0.11012437131726688,-147.69482613865054,17.677432783792483,2.6346369029800013e-5
Honolulu,svf_point + aspect,2,307.44393547367855,0.06762724692031025,-148.72196773683928,17.73171598016995,2.5640903505947723e-5
Honolulu,imperv + water + svf_point,3,307.50604362098557,0.10444477702657419,-147.75302181049278,17.793824127476967,2.4856885481662017e-5
Honolulu,bldg + height,2,307.56880435652283,0.06490976700941313,-148.78440217826142,17.856584863014234,2.408897888325959e-5
Honolulu,imperv + svf_point,2,307.5850258214536,0.06334857804707004,-148.7925129107268,17.872806327945,2.389438981683822e-5
Honolulu,tree + height + svf_point,3,307.61994935756,0.1056413688594578,-147.80997467878,17.90772986405142,2.3480773271882675e-5
Honolulu,imperv + tree + water,3,307.63495849547934,0.10179583946702707,-147.81747924773967,17.92273900197074,2.33052197403388e-5
Honolulu,tree + height + aspect,3,307.63503293528936,0.10528363270575467,-147.81751646764468,17.92281344178076,2.330435233841622e-5
Honolulu,height + svf_point,2,307.69202389619784,0.06222905503419393,-148.84601194809892,17.97980440268924,2.2649655867221437e-5
Honolulu,imperv + height + svf_point,3,308.16761565685425,0.09415281830383598,-148.08380782842713,18.455396163345654,1.7856164129291494e-5
Honolulu,imperv + height + aspect,3,308.23860157132845,0.09271552440826991,-148.11930078566422,18.526382077819846,1.723351131842828e-5
Honolulu,bldg,1,308.36561961010614,0.0016636311994851216,-150.18280980505307,18.65340011659754,1.6173058485258865e-5
Honolulu,water,1,308.3984140027931,8.908220820247013e-4,-150.19920700139656,18.68619450928452,1.5910028044042818e-5
Honolulu,svf_point,1,308.4320666000832,9.83857498117861e-5,-150.2160333000416,18.719847106574605,1.5644560839279055e-5
Honolulu,imperv + tree + aspect,3,308.4819927234401,0.08735085297656164,-148.24099636172005,18.769773229931502,1.525885888210528e-5
Honolulu,tree + water + aspect,3,308.5341613388764,0.08657387880273336,-148.2670806694382,18.821941845367803,1.4865988265840906e-5
Honolulu,tree + bldg,2,308.55414275720904,0.04284057206272022,-149.27707137860452,18.841923263700437,1.471820595488128e-5
Honolulu,water + height + aspect,3,308.5578598635425,0.08637663895275507,-148.27892993177124,18.84564037003389,1.4690876790814249e-5
Honolulu,tree + water,2,308.6202886485037,0.041335047313840204,-149.31014432425184,18.908069154995076,1.4239393049691796e-5
Honolulu,tree + svf_point,2,308.63462318084277,0.041062956937033664,-149.31731159042138,18.922403687334167,1.413770039410335e-5
Honolulu,imperv + svf_point + aspect,3,308.6601328852623,0.08387747641891444,-148.33006644263116,18.94791339175373,1.3958521245926229e-5
Honolulu,tree + svf_point + aspect,3,308.7464934454055,0.08232488631287016,-148.37324672270276,19.03427395189692,1.3368616177624625e-5
Honolulu,height + svf_point + aspect,3,309.00512929568606,0.07705715665120029,-148.50256464784303,19.292909802177462,1.1746930337296717e-5
Honolulu,water + svf_point + aspect,3,309.03573875824816,0.07628153656767428,-148.51786937912408,19.32351926473956,1.1568515503219888e-5
Honolulu,imperv + tree + svf_point,3,309.0760714312642,0.07413128636355458,-148.5380357156321,19.363851937755612,1.1337557541802187e-5
Honolulu,bldg + water + height,3,309.35992085835323,0.0693746407394915,-148.67996042917662,19.647701364844636,9.837446518500325e-6
Honolulu,water + height + svf_point,3,309.37954593134424,0.0689231227354335,-148.68977296567212,19.66732643783564,9.741388273784061e-6
Honolulu,bldg + height + svf_point,3,309.56219728414,0.06504444949788166,-148.78109864207,19.849977790631385,8.891163908904172e-6
Honolulu,bldg + water,2,310.24984507682245,0.004364473949616045,-150.12492253841123,20.537625583313854,6.304313413959617e-6
Honolulu,bldg + svf_point,2,310.36535702303354,0.0016701580740637514,-150.18267851151677,20.65313752952494,5.950516930715486e-6
Honolulu,water + svf_point,2,310.3892563468457,0.0011028111420035094,-150.19462817342284,20.677036853337086,5.879833428303958e-6
Honolulu,tree + bldg + svf_point,3,310.5535932440291,0.04284549213349562,-149.27679662201456,20.841373750520518,5.416013262651237e-6
Honolulu,tree + bldg + water,3,310.5540961710552,0.04284332577087411,-149.2770480855276,20.841876677546622,5.414651504152936e-6
Honolulu,tree + water + svf_point,3,310.61863550440154,0.041386014928642856,-149.30931775220077,20.90641601089294,5.242711646186757e-6
Honolulu,bldg + water + svf_point,3,312.24980520185744,0.004365933137386982,-150.12490260092872,22.537585708348843,2.31927353571168e-6
Ewa,imperv + height + aspect,3,336.1648754372375,0.3123550456597634,-162.08243771861876,0,0.6643013267090561
Ewa,imperv + tree + height,3,339.5453691737433,0.29314699424429336,-163.77268458687166,3.380493736505798,0.12254630806476072
Ewa,imperv + bldg + height,3,341.3842992351749,0.2819556966662089,-164.69214961758746,5.219423797937395,0.04886317048287208
Ewa,imperv + height,2,341.6361234149264,0.267490625423457,-165.8180617074632,5.471247977688847,0.0430822837610595
Ewa,imperv + height + svf_point,3,341.66636377775035,0.2801905537528527,-164.83318188887517,5.501488340512822,0.0424357718209363
Ewa,imperv + water + height,3,341.9237753254951,0.2785681777621761,-164.96188766274756,5.758899888257588,0.03731091486960965
Ewa,imperv + height + coast_km,3,343.1823691601219,0.27047500171720873,-165.59118458006094,7.017493722884353,0.01988546355897225
Ewa,bldg + height + aspect,3,347.2780504030431,0.24219688684326982,-167.63902520152155,11.11317496580557,0.0025654871148599505
Ewa,tree + height + svf_point,3,347.95354679773953,0.237232079167091,-167.97677339886977,11.788671360502008,0.001830154101122504
Ewa,tree + water + height,3,348.08484439911757,0.236256734693389,-168.04242219955879,11.919968961880045,0.0017138655431860072
Ewa,water + height + svf_point,3,348.657076878367,0.23196618499269447,-168.3285384391835,12.492201441129453,0.0012874134542005184
Ewa,tree + bldg + height,3,348.70212312950775,0.23162567030014183,-168.35106156475388,12.537247692270228,0.0012587409881839966
Ewa,tree + height,2,348.8404570474958,0.21498636875958854,-169.4202285237479,12.675581610258291,0.001174620417764443
Ewa,bldg + height + svf_point,3,348.9331646110178,0.229872793988776,-168.4665823055089,12.76828917378026,0.0011214149822565264
Ewa,height + svf_point,2,349.1030696236868,0.2128772926419548,-169.5515348118434,12.938194186449266,0.0010300823583396903
Ewa,tree + height + coast_km,3,350.15282939714666,0.22043997098123813,-169.07641469857333,13.987953959909134,6.094239403218282e-4
Ewa,water + height,2,350.2851107522184,0.20320086521932312,-170.1425553761092,14.120235314980846,5.704203090053821e-4
Ewa,imperv + tree,2,350.39572043288604,0.20227983225759869,-170.19786021644302,14.23084499564851,5.39729794073573e-4
Ewa,bldg + water + height,3,350.5404881518625,0.2173776219535625,-169.27024407593126,14.375612714624992,5.020424980066806e-4
Ewa,imperv + tree + svf_point,3,350.60916053285604,0.21683185983302342,-169.30458026642802,14.444285095618511,4.850968603189643e-4
Ewa,height,1,350.65578237398137,0.18285883632195835,-171.32789118699068,14.49090693674384,4.7391958833121193e-4
Ewa,tree + height + aspect,3,350.81203252709844,0.21521377326232813,-169.40601626354922,14.647157089860912,4.38303935272125e-4
Ewa,imperv + tree + aspect,3,350.84709218205063,0.214933261186275,-169.42354609102532,14.682216744813104,4.306874953833911e-4
Ewa,bldg + height,2,350.92680211880435,0.19781989090676125,-170.46340105940217,14.76192668156682,4.13860015576749e-4
Ewa,height + svf_point + coast_km,3,351.0386634050369,0.21339590267032335,-169.51933170251846,14.873787967799387,3.913479832433476e-4
Ewa,height + svf_point + aspect,3,351.094072498522,0.21294979184272833,-169.547036249261,14.92919706128447,3.806546753282159e-4
Ewa,imperv + svf_point,2,351.5164717709778,0.19279404781585993,-170.7582358854889,15.351596333740247,3.0818275393374307e-4
Ewa,imperv + tree + water,3,351.54248538163165,0.20931539179827344,-169.77124269081582,15.377609944394123,3.042002369057479e-4
Ewa,imperv,1,351.8233615497901,0.1723618877659258,-171.91168077489505,15.658486112552566,2.6434315126849355e-4
Ewa,imperv + aspect,2,351.88440003570724,0.18961822525489574,-170.94220001785362,15.719524598469718,2.5639746332515906e-4
Ewa,water + height + coast_km,3,352.23579303579334,0.20361066101979916,-170.11789651789667,16.07091759855581,2.150847919466165e-4
Ewa,water + height + aspect,3,352.2378585816672,0.2035935084961871,-170.1189292908336,16.072983144429656,2.148627728617355e-4
Ewa,imperv + svf_point + aspect,3,352.3352184929476,0.202783957982152,-170.1676092464738,16.170343055710077,2.0465376559696956e-4
Ewa,imperv + bldg + aspect,3,352.3391723547341,0.20275103747342835,-170.16958617736705,16.174296917496576,2.0424957890156215e-4
Ewa,imperv + tree + coast_km,3,352.39346420871505,0.20229864647110457,-170.19673210435752,16.22858877147752,1.9877961427299196e-4
Ewa,imperv + tree + bldg,3,352.39550268404184,0.20228164807523172,-170.19775134202092,16.230627246804318,1.9857711381898423e-4
Ewa,bldg + height + coast_km,3,352.52352970457434,0.20121222214322265,-170.26176485228717,16.358654267336817,1.8626380906393758e-4
Ewa,height + aspect,2,352.5660625691321,0.18365212436031092,-171.28303128456605,16.401187131894574,1.8234446532437381e-4
Ewa,height + coast_km,2,352.6532928326959,0.18288087401786068,-171.32664641634796,16.488417395458384,1.745624283194554e-4
Ewa,imperv + water + svf_point,3,352.76034660310836,0.19922449898045266,-170.38017330155418,16.595471165870833,1.6546431427804962e-4
Ewa,imperv + water,2,353.1407541667737,0.17853807069765734,-171.57037708338686,16.97587872953619,1.3680434495304286e-4
Ewa,imperv + svf_point + coast_km,3,353.3284220978729,0.1944053375208805,-170.66421104893644,17.163546660635348,1.2455131510286164e-4
Ewa,imperv + coast_km,2,353.4017737683652,0.17618953387487116,-171.7008868841826,17.23689833112769,1.2006604486308835e-4
Ewa,imperv + bldg + svf_point,3,353.48385204697445,0.19307412187461045,-170.74192602348722,17.31897660973692,1.1523837693900595e-4
Ewa,imperv + water + aspect,3,353.50137937913894,0.19292366160686225,-170.75068968956947,17.336503941901412,1.1423287864463692e-4
Ewa,imperv + bldg,2,353.78451287180076,0.17271638598577743,-171.89225643590038,17.61963743456323,9.915382315467308e-5
Ewa,imperv + aspect + coast_km,3,353.85598817735405,0.189864567858866,-170.92799408867702,17.691112740116523,9.567286928739967e-5
Ewa,imperv + water + coast_km,3,354.51338484469943,0.184117016676466,-171.25669242234972,18.348509407461904,6.887108522876381e-5
Ewa,height + aspect + coast_km,3,354.528689507072,0.18398201642581066,-171.264344753536,18.36381406983446,6.834607222411025e-5
Ewa,imperv + bldg + water,3,355.1311434206213,0.17862423479998055,-171.56557171031065,18.966267983383773,5.056993041679181e-5
Ewa,imperv + bldg + coast_km,3,355.39321769556426,0.1762667746997311,-171.69660884778213,19.228342258326734,4.435919439242111e-5
Ewa,bldg + svf_point + aspect,3,355.52342243459225,0.17508944599864532,-171.76171121729612,19.358546997354722,4.1563302733881225e-5
Ewa,tree + bldg + svf_point,3,355.5818821748224,0.17455952559686058,-171.7909410874112,19.41700673758487,4.036599659046394e-5
Ewa,tree + bldg + aspect,3,356.2773519073459,0.16819206894752284,-172.13867595367296,20.11247647010839,2.8509942775527867e-5
Ewa,bldg + svf_point,2,356.8086751085382,0.14400205182292936,-173.4043375542691,20.643799671300656,2.1858531328536083e-5
Ewa,bldg + water + svf_point,3,357.34408981039036,0.1581950519531638,-172.67204490519518,21.17921437315283,1.672465443520098e-5
Ewa,tree + bldg,2,357.97834371465126,0.1322655147317039,-173.98917185732563,21.813468277413733,1.2179533878080655e-5
Ewa,bldg + svf_point + coast_km,3,358.00590700668295,0.1518495437684039,-173.00295350334147,21.84103156944542,1.2012831210641693e-5
Ewa,bldg + aspect,2,358.1675004431317,0.13033316289138192,-174.08375022156585,22.002625005894174,1.1080409375210055e-5
Ewa,tree + bldg + water,3,358.3444443718925,0.1485604602122783,-173.17222218594625,22.17956893465498,1.0142217508724182e-5
Ewa,bldg + aspect + coast_km,3,359.19773421979625,0.14013843315632818,-173.59886710989812,23.03285878255872,6.619777370340286e-6
Ewa,bldg + water + aspect,3,359.22468910485355,0.13986927759898116,-173.61234455242678,23.059813667616027,6.531158222420756e-6
Ewa,tree + bldg + coast_km,3,359.83624076680303,0.13371083699597985,-173.91812038340152,23.671365329565504,4.810535776797509e-6
Ewa,bldg,1,360.0255160702957,0.08873577310476734,-176.01275803514784,23.860640633058154,4.3761564411032215e-6
Ewa,bldg + water,2,360.66072494231184,0.10393872352026481,-175.33036247115592,24.495849505074318,3.185363394969982e-6
Ewa,bldg + water + coast_km,3,360.75890055392773,0.12422890125996273,-174.37945027696387,24.594025116690204,3.032776608830849e-6
Ewa,bldg + coast_km,2,360.8061671127253,0.10234459860407986,-175.40308355636265,24.641291675487764,2.9619424702704967e-6
Ewa,tree + svf_point + aspect,3,361.84287728231897,0.11278942929047901,-174.92143864115948,25.67800184508144,1.7638346339502326e-6
Ewa,tree + svf_point,2,361.8993703447035,0.09016410274617521,-175.94968517235176,25.734494907466,1.714709497525231e-6
Ewa,svf_point,1,362.4346343070829,0.06052214484669793,-177.21731715354144,26.26975886984536,1.3120774173166296e-6
Ewa,tree + water + svf_point,3,362.52673744001595,0.1054018788450353,-175.26336872000797,26.361862002778423,1.2530243754746912e-6
Ewa,svf_point + aspect,2,362.6811602405216,0.08123471672589298,-176.3405801202608,26.516284803284066,1.1599173228381146e-6
Ewa,tree + svf_point + coast_km,3,362.736491887832,0.10310904261513659,-175.368245943916,26.57161645059449,1.1282670883586248e-6
Ewa,water + svf_point + aspect,3,363.19307851122664,0.09807385165450058,-175.59653925561332,27.02820307398912,8.979773747172243e-7
Ewa,water + svf_point,2,363.2381102933114,0.07475974060866407,-176.6190551466557,27.073234856073896,8.779845369010406e-7
Ewa,tree,1,363.847648686016,0.0431172543868412,-177.923824343008,27.68277324877846,6.473323139230302e-7
Ewa,tree + aspect,2,364.16898034384076,0.06372225842668526,-177.08449017192038,28.00410490660323,5.512530482689388e-7
Ewa,svf_point + coast_km,2,364.2491367494206,0.06275905035793225,-177.1245683747103,28.08426131218306,5.295966895192095e-7
Ewa,tree + water,2,364.51851681087544,0.05950699736385412,-177.25925840543772,28.353641373637913,4.628605047104478e-7
Ewa,tree + water + aspect,3,364.5313011532989,0.08296070957282284,-176.26565057664945,28.36642571606137,4.5991125720683046e-7
Ewa,svf_point + aspect + coast_km,3,364.6692123785401,0.08137257685647538,-176.33460618927006,28.504336941302597,4.2926650041158246e-7
Ewa,tree + coast_km,2,364.970867202976,0.053993615216568175,-177.485433601488,28.805991765738497,3.6916752079621337e-7
Ewa,(null),0,365.1359945600141,0,-179.56799728000706,28.9711191227766,3.399120298505461e-7
Ewa,water + svf_point + coast_km,3,365.17545314843545,0.07549295278884681,-176.58772657421773,29.010577711197925,3.3327152702206e-7
Ewa,aspect,1,365.788708053222,0.018121086821659624,-178.894354026611,29.623832615984497,2.4526275415302587e-7
Ewa,tree + water + coast_km,3,365.94224476624584,0.06643580904821003,-176.97112238312292,29.77736932900831,2.271389046925166e-7
Ewa,tree + aspect + coast_km,3,365.9695015055616,0.06611046348757525,-176.9847507527808,29.80462606832407,2.2406436977149296e-7
Ewa,water,1,366.0016877594113,0.015299361552894273,-179.00084387970566,29.836812322173785,2.2048733347962716e-7
Ewa,water + aspect,2,366.41339647264476,0.0359639912900956,-178.20669823632238,30.248521035407236,1.7946602102230383e-7
Ewa,coast_km,1,367.093989746542,5.74790598479299e-4,-179.546994873271,30.929114309304452,1.2770070134261505e-7
Ewa,aspect + coast_km,2,367.7043614616673,0.019234184648679285,-178.85218073083365,31.539486024429777,9.4113678521356e-8
Ewa,water + coast_km,2,368.00103623998484,0.015308017691035836,-179.00051811999242,31.836160802747315,8.113918459862066e-8
Ewa,water + aspect + coast_km,3,368.08981524125534,0.040068436909248335,-178.04490762062767,31.92493980401781,7.761622634994504e-8
