sensor_id,region,blup,fixed_pred,dT_site,latitude,longitude,blup_sd
HNL01,Honolulu,-0.856010401924405,-0.8303335002362726,-1.873046875,21.292930695,-157.813130937,0.22203344209401632
HNL04,Honolulu,-0.8377660105294602,-0.07344543537756938,-1.015625,21.290175,-157.812344,0.17467745123432746
HNL38,Honolulu,-0.8144681485739024,1.3683589653075243,0.4523809523809524,21.296868386,-157.864308776,0.17467745123432746
Hnl15a,Honolulu,-0.7783368012313987,0.7064446865084001,-0.16889880952380953,21.293465603,-157.840659614,0.17467745123432746
EWA35,Ewa,-0.7638038680016787,0.19276562222101548,-0.7376302083333334,21.369949853,-158.027661941,0.22203344209401632
HNL14,Honolulu,-0.7616615926960487,-0.16201118947763013,-1.0186011904761905,21.284504221,-157.827586404,0.17467745123432746
AD1,Ewa,-0.6489775213228886,0.13492594636770497,-0.6555989583333333,21.349836569,-158.030100611,0.22203344209401632
HNL03,Honolulu,-0.5959150947864249,0.05783477732521447,-0.6123511904761905,21.285501833,-157.817752579,0.17467745123432746
EWA37,Ewa,-0.5697826587517464,0.21293719368448755,-0.4811197916666667,21.342016468,-158.020941334,0.22203344209401632
HNL45,Honolulu,-0.5466347352142116,0.5306862527573833,-0.08407738095238095,21.308150326,-157.852493874,0.17467745123432746
HNL37,Honolulu,-0.5291614251978284,-0.1057802899801161,-0.7008928571428571,21.302861681,-157.849712717,0.17467745123432746
EWA08,Ewa,-0.5288204883247787,0.2567908339352024,-0.38736979166666663,21.372199715,-158.022486748,0.22203344209401632
EWA23,Ewa,-0.4807721914022399,-0.3460080286406708,-0.931640625,21.356789859,-158.054716378,0.22203344209401632
EWA12,Ewa,-0.45835696785772817,0.21653155153190998,-0.341796875,21.369170738,-158.024983689,0.22203344209401632
EWA16,Ewa,-0.4477740643246634,-0.8562554044244115,-1.4016927083333333,21.334465376,-158.076492749,0.22203344209401632
EWA17,Ewa,-0.34811117262646835,-0.23677018325503524,-0.6608072916666667,21.338117657,-158.060792231,0.22203344209401632
EWA50,Ewa,-0.3164611846981591,-0.40553162955261157,-0.791015625,21.344363191,-158.035842688,0.22203344209401632
HNL47,Honolulu,-0.3132719109197696,0.5174945987310975,0.16517857142857142,21.288078708,-157.824414177,0.17467745123432746
HNL50,Honolulu,-0.3032150997882218,-0.10393467371722397,-0.4449404761904762,21.292910827,-157.827396642,0.17467745123432746
HNL35,Honolulu,-0.2966087502171953,0.328367748329642,-0.005208333333333335,21.302426,-157.836616,0.17467745123432746
EWA48,Ewa,-0.2652760666690635,0.05816102004859297,-0.26497395833333337,21.337463633,-158.018168167,0.22203344209401632
ID41,Honolulu,-0.26134730311018467,-0.39655630692304744,-0.6904761904761905,21.299348096,-157.823310616,0.17467745123432746
EWA07,Ewa,-0.22254491834123188,0.12980777030387586,-0.14127604166666666,21.329647578,-158.070178922,0.22203344209401632
EWA28,Ewa,-0.19406286593398991,-0.3319697874442389,-0.568359375,21.333629188,-158.067358943,0.22203344209401632
EWA19,Ewa,-0.18127489656435952,-0.16655733572964032,-0.38736979166666663,21.340979836,-158.042379912,0.22203344209401632
EWA18,Ewa,-0.17817090299291233,0.2528387472737291,0.03580729166666667,21.341560585,-158.024799561,0.22203344209401632
HNL18,Honolulu,-0.14151148415281503,0.25810686269884253,0.09895833333333333,21.303836,-157.841841,0.17467745123432746
HNL30,Honolulu,-0.11469162535321027,-0.5079187392170743,-0.6369047619047619,21.309360017,-157.850490472,0.17467745123432746
HNL12,Honolulu,-0.05768436031247202,-0.30491791337321356,-0.36979166666666663,21.281415362,-157.832955799,0.17467745123432746
HNL20,Honolulu,-0.048259416835576684,-0.65033894735957265,-0.7046130952380952,21.295581247,-157.8129178,0.17467745123432746
HNL32,Honolulu,-0.03967565493052028,0.040156277567963694,-0.004464285714285714,21.297909011,-157.844893264,0.17467745123432746
EWA15,Ewa,-0.03733717441909597,-0.18433698630571066,-0.22981770833333334,21.337956344,-158.038274018,0.22203344209401632
EWA13,Ewa,-0.02673226723992106,-0.44855699508597113,-0.4811197916666667,21.334712141,-158.041695508,0.22203344209401632
EWA09,Ewa,-0.02122082043788012,0.09681279915733806,0.07096354166666666,21.330632881,-158.069245524,0.22203344209401632
HNL43,Honolulu,-0.015312158389552749,-0.07727348418776094,-0.09449404761904763,21.304100638,-157.83255782,0.17467745123432746
ID22,Honolulu,-7.902174249789535e-4,-0.44553986658728373,-0.44642857142857145,21.295181993,-157.81514378400001,0.17467745123432746
HNL31,Honolulu,0.0066417388953264765,-0.18529690177571884,-0.17782738095238096,21.273462023,-157.812278011,0.17467745123432746
EWA40,Ewa,0.010757707776069155,-0.0957863447887895,-0.08268229166666666,21.3289547,-158.075093612,0.22203344209401632
EWA25,Ewa,0.02240105676552437,0.5853432951769715,0.6126302083333334,21.332712275,-158.053561879,0.22203344209401632
EWA29,Ewa,0.032634979105799995,0.14839810277450868,0.18815104166666666,21.329299422,-158.072430847,0.22203344209401632
EWA04,Ewa,0.06198656929933435,0.20379052049913202,0.279296875,21.339789015,-158.037005391,0.22203344209401632
EWA31,Ewa,0.07088065550799807,0.08618572694145282,0.17252604166666666,21.328747314,-158.073549188,0.22203344209401632
HNL22,Honolulu,0.0807912380713252,0.014050196486428967,0.10491071428571427,21.273844414,-157.818926801,0.17467745123432746
ID46,Honolulu,0.08079703135645691,-0.21586703312074093,-0.125,21.287044128,-157.830554688,0.17467745123432746
HNL05,Honolulu,0.08592227131775297,-0.20005366777012393,-0.10342261904761904,21.28474937,-157.811280959,0.17467745123432746
AD3,Ewa,0.1323200537476718,0.02176255271609226,0.18294270833333331,21.334759503,-158.06916051,0.22203344209401632
EWA45,Ewa,0.1344201430692553,0.09212108315113057,0.255859375,21.348297007,-158.032308791,0.22203344209401632
EWA21,Ewa,0.142698492704104,0.20964132342412076,0.38346354166666663,21.355951408,-158.025926473,0.22203344209401632
EWA36,Ewa,0.16280773097610385,-0.4724059899384109,-0.27408854166666663,21.354431079,-158.061945848,0.22203344209401632
EWA38,Ewa,0.16296257680308063,-0.6561883589253439,-0.45768229166666663,21.335000101,-158.044283328,0.22203344209401632
EWA05,Ewa,0.1672871082183659,0.024741810134323416,0.228515625,21.370368751,-158.023791244,0.22203344209401632
EWA20,Ewa,0.19657840108959554,-0.25963607347233597,-0.020182291666666657,21.357972046,-158.02559248,0.22203344209401632
ID07,Honolulu,0.21288814750341603,0.9272455638681891,1.1666666666666667,21.288479952,-157.838594776,0.17467745123432746
ID27,Honolulu,0.23894935596082018,-0.19804588221839997,0.07068452380952381,21.299212947,-157.827035957,0.17467745123432746
EWA14,Ewa,0.32162609495536815,0.6870006261704807,1.0787760416666667,21.329503,-158.090353,0.22203344209401632
EWA42,Ewa,0.3415360194253028,-0.6419393180622821,-0.22591145833333334,21.336057076,-158.037618593,0.22203344209401632
HNL34,Honolulu,0.35367640616558454,0.09619917089649016,0.5013020833333334,21.296507333,-157.836218307,0.18695456535008828
HNL44,Honolulu,0.3562714295808555,0.42521813867611,0.8258928571428571,21.301826,-157.839045,0.17467745123432746
EWA39,Ewa,0.3619378382051822,-0.24621802616963862,0.19466145833333331,21.3376646,-158.053484081,0.22203344209401632
EWA33,Ewa,0.3951841783235737,-0.4338510856516924,0.047526041666666664,21.342920264,-158.041422452,0.22203344209401632
HNL17,Honolulu,0.424799492961389,-0.4576543757613624,0.020089285714285716,21.263002712,-157.817143746,0.17467745123432746
HNL09,Honolulu,0.4386730385372889,-0.14513202729673555,0.3482142857142857,21.283978395,-157.81569285,0.17467745123432746
ID26,Honolulu,0.4527339073397038,0.43875703217928264,0.9479166666666666,21.296077264,-157.845905829,0.17467745123432746
EWA46,Ewa,0.45612216855305304,0.21066984271477057,0.7662760416666667,21.319870001,-158.116895423,0.22203344209401632
HNL33,Honolulu,0.4746361405022523,0.8724583844510934,1.40625,21.281644446,-157.829162737,0.17467745123432746
EWA03,Ewa,0.4882222789951287,-0.20863990155246975,0.3860677083333333,21.345918711,-158.065482453,0.22203344209401632
Hnl21a,Honolulu,0.5290536897589381,-0.1708842614419436,0.42410714285714285,21.276858497,-157.811028864,0.17467745123432746
HNL21,Honolulu,0.5297563950114246,0.3699921194879846,0.9657738095238095,21.281589967,-157.829816609,0.17467745123432746
EWA24,Ewa,0.5321203149266001,0.28476253656194905,0.9329427083333333,21.356265014,-158.058572142,0.22203344209401632
EWA32,Ewa,0.6673235923535337,0.37658071891928996,1.189453125,21.333229395,-158.080909574,0.22203344209401632
ID06,Honolulu,0.7320693001098042,-0.24369642768584537,0.5796130952380952,21.292148013,-157.854168527,0.17467745123432746
EWA26,Ewa,0.8276720691081677,0.5979255752911645,1.6061197916666667,21.310330316,-158.100173382,0.22203344209401632
HNL26,Honolulu,0.8407904322480699,0.036561927100655756,0.9821428571428571,21.292615219,-157.855026541,0.17467745123432746
HNL08,Honolulu,1.4738721762677924,-0.1337562259246861,1.5238095238095237,21.278628084,-157.81447177,0.17467745123432746
