scope,variable,vif_with_elevation
pooled,imperv,3.030205269031775
pooled,tree,1.2532592881204208
pooled,bldg,4.361803799530031
pooled,water,1.3789649902832595
pooled,height,2.2753869964383635
pooled,svf_point,1.111117571991824
pooled,aspect,4.105504063748361
pooled,coast_km,2.259308271740117
pooled,elev_m,2.112870266296089
Honolulu,imperv,3.821740638515112
Honolulu,tree,1.8883042308148112
Honolulu,bldg,5.125771364625985
Honolulu,water,1.911214434755678
Honolulu,height,2.8106617483851983
Honolulu,svf_point,1.1212644597460626
Honolulu,aspect,5.426249638104878
Honolulu,coast_km,1.772023713987317
Honolulu,elev_m,1.7380861660292926
Ewa,imperv,2.8144337019468377
Ewa,tree,1.2052845525467002
Ewa,bldg,5.8709702071384715
Ewa,water,1.1160243286000002
Ewa,height,1.3311250155000018
Ewa,svf_point,1.2097653769098569
Ewa,aspect,3.405481222861933
Ewa,coast_km,2.078832699956118
Ewa,elev_m,1.6809801232399242
