scope,model,rhs,k,aic,r2m,r2c,coast_per_km,coast_se,coast_p,elev_per_10m,elev_se,elev_p,imperv_per_10pp,imperv_p,height_per_m,height_p,lrt_chi2,lrt_df,lrt_p,converged,lrt_elev_given_coast_chi2,lrt_elev_given_coast_p,lrt_coast_given_elev_chi2,lrt_coast_given_elev_p,lrt_elev_given_model_chi2,lrt_elev_given_model_p,delta_aic_vs_without,delta_aic_vs_null
pooled,null,region,2,740.7611096083082,0.0014427404606123387,0.6297152283726871,,,,,,,,,,,,,,TRUE,,,,,,,,0
pooled,elevation only,region + elev_m_z,3,738.0022907514697,0.04461668121119158,0.6324814148912957,,,,-0.20213799115827594,0.09305209943269062,0.03320696560222277,,,,,4.758818856838502,1,0.029148544096005615,TRUE,,,,,,,,-2.758818856838502
pooled,coast only,region + coast_km_z,3,738.420726643976,0.035755927296778976,0.6302370211918227,-0.1611760069370369,0.07778775836849121,0.04181774636290351,,,,,,,,4.340382964332207,1,0.0372185509606628,TRUE,,,,,,,,-2.340382964332207
pooled,coast + elevation,region + coast_km_z + elev_m_z,4,738.962731045127,0.05013027518289978,0.6342878586428021,-0.09508244965423344,0.09569550315564793,0.3237729033135156,-0.13537491647235755,0.11474116917660568,0.24211633310767885,,,,,5.7983785631811315,2,0.05506784648114107,TRUE,1.4579955988489246,0.2272493113646311,1.0395597063426294,0.3079238946688473,,,,-1.7983785631811315
pooled,parsimonious (district + impervious + height),region + imperv_z + height_z,4,727.1303647991765,0.1548814525858773,0.6407499206936031,,,,,,,0.08730836129639888,0.006054281229405987,0.03949263451072493,0.032245168667862256,17.63074480913167,2,1.4843366430127854e-4,TRUE,,,,,,,,-13.63074480913167
pooled,parsimonious (district + impervious + height) + elevation,region + imperv_z + height_z + elev_m_z,5,724.4061209978668,0.183332391998362,0.6406308719105851,,,,-0.18019283698901595,0.08450366357619565,0.036529283809001965,0.08823801161267027,0.004510461014738467,0.035672184020128096,0.04761644032559924,22.35498861044141,3,5.5026042022595566e-5,TRUE,,,,,4.72424380130974,0.029740257768773253,-2.72424380130974,-16.35498861044141
pooled,full (district + eight descriptors),region + imperv_z + tree_z + bldg_z + water_z + height_z + svf_point_z + aspect_z + coast_km_z,10,721.8433987270731,0.25412262328602403,0.6524692154954462,-0.17706015236854747,0.07179236176694774,0.01622735964623209,,,,0.16075477387291365,9.961404664494504e-4,0.05610798166967609,0.011731343049685736,34.91771088123505,8,2.767721737238655e-5,TRUE,,,,,,,,-18.917710881235053
pooled,full (district + eight descriptors) + elevation,region + imperv_z + tree_z + bldg_z + water_z + height_z + svf_point_z + aspect_z + coast_km_z + elev_m_z,11,723.0990749207826,0.2580559382827172,0.6554760180811874,-0.1375756231084251,0.08735506614707696,0.1200647795608815,-0.08119918427358151,0.10182839501590583,0.4281759837549589,0.1609083094183482,0.001023665228224088,0.054272940026441,0.015479183111714388,35.662034687525534,9,4.551096905365796e-5,TRUE,,,,,0.7443238062904811,0.38827931945376026,1.2556761937095189,-17.662034687525534
Honolulu,null,1,1,306.4362504672023,0,0.8097829031397684,,,,,,,,,,,,,,TRUE,,,,,,,,0
Honolulu,elevation only,elev_m_z,2,303.1020519567493,0.11180250202421244,0.8134152257904178,,,,-0.31508714179875075,0.13522635455584892,0.025939545159510344,,,,,5.334198510453007,1,0.020910953229215747,TRUE,,,,,,,,-3.3341985104530067
Honolulu,coast only,coast_km_z,2,294.4125227353002,0.2582395892516395,0.8111019041492922,-0.5735444332097963,0.14267540870913134,3.0736541828075696e-4,,,,,,,,14.023727731902113,1,1.8051826830263085e-4,TRUE,,,,,,,,-12.023727731902113
Honolulu,coast + elevation,coast_km_z + elev_m_z,3,296.3581468781162,0.25491308736674384,0.8144458214455217,-0.5489032455011673,0.1823997539134575,0.00499514586504955,-0.034123633380440443,0.15330223930477058,0.8252363300835152,,,,,14.078103589086084,2,8.769577042299647e-4,TRUE,0.05437585718397031,0.815616732547253,8.743905078633077,0.003106385647423715,,,,-10.078103589086084
Honolulu,best subset (imperv + coast),imperv_z + coast_km_z,3,289.7122194935086,0.34156338455829427,0.8111548606600387,-0.6152665974715369,0.13305366815110686,5.5502489255411946e-5,,,,0.09530014095356865,0.013952053090236288,,,20.724030973693687,2,3.1610681041306334e-5,TRUE,,,,,,,,-16.724030973693687
Honolulu,best subset (imperv + coast) + elevation,imperv_z + coast_km_z + elev_m_z,4,291.53193099631227,0.3392647831837283,0.8141534564722814,-0.5745967397739774,0.16891114573479163,0.0018134865704741666,-0.05678296261331171,0.14195014701398004,0.6918127200228981,0.09622735838609554,0.014555622028093221,,,20.904319470890016,3,1.1020430683609156e-4,TRUE,,,,,0.18028849719632944,0.6711254277749509,1.8197115028036706,-14.904319470890016
Honolulu,full (eight descriptors),imperv_z + tree_z + bldg_z + water_z + height_z + svf_point_z + aspect_z + coast_km_z,9,294.3856159814733,0.3911565935168525,0.8251121630248783,-0.5295528155042599,0.1508092603672219,0.0015879903951355923,,,,0.18172064253486608,0.016418315546390987,-0.022684295231921375,0.4439591958253093,28.050634485729006,8,4.6471590039785695e-4,TRUE,,,,,,,,-12.050634485729006
Honolulu,full (eight descriptors) + elevation,imperv_z + tree_z + bldg_z + water_z + height_z + svf_point_z + aspect_z + coast_km_z + elev_m_z,10,296.14703043356093,0.38753581973739404,0.8281696477829789,-0.4918415919092953,0.1783459765345412,0.010509044921365078,-0.06137936127425994,0.14846782343809134,0.6827045302325867,0.1839042286367173,0.017277870772275092,-0.024735788863981124,0.41816527198780074,28.289220033641357,9,8.53286453553948e-4,TRUE,,,,,0.23858554791235065,0.6252295781462731,1.7614144520876494,-10.289220033641357
Ewa,null,1,1,365.1359945600141,0,0.3646822275025368,,,,,,,,,,,,,,TRUE,,,,,,,,0
Ewa,elevation only,elev_m_z,2,366.76460325429,0.004920084412968798,0.37363882016120387,,,,-0.07550702540269234,0.12698430316652803,0.5558185428689248,,,,,0.37139130572410295,1,0.5422468623845268,TRUE,,,,,,,,1.628608694275897
Ewa,coast only,coast_km_z,2,367.093989746542,5.587639308902256e-4,0.37377157195478206,-0.01691170230232245,0.08475363055881362,0.8429635248840543,,,,,,,,0.04200481347214691,1,0.8376105971852053,TRUE,,,,,,,,1.957995186527853
Ewa,coast + elevation,coast_km_z + elev_m_z,3,368.7203525681993,0.005421975987429759,0.3828729046668344,0.021795130538616016,0.10792717290081223,0.8411305387046243,-0.09550815777612207,0.16240701025983117,0.5602550208767194,,,,,0.4156419918148231,2,0.8123524381088739,TRUE,0.3736371783426762,0.541028338786519,0.04425068609072014,0.8333879032074663,,,,3.584358008185177
Ewa,best subset (imperv + height + aspect),imperv_z + height_z + aspect_z,4,336.16487543722,0.30498189754841604,0.372306158474334,,,,,,,0.1662689803085422,5.5990862969800685e-5,0.13137029217994398,7.694423254634852e-5,34.97111912279411,3,1.2354862610016602e-7,TRUE,,,,,,,,-28.971119122794107
Ewa,best subset (imperv + height + aspect) + elevation,imperv_z + height_z + aspect_z + elev_m_z,5,337.4738328165881,0.306698167298951,0.37621819682073554,,,,-0.07023220631571449,0.09024876823144756,0.4419913771001035,0.16716347945148752,6.0046473155984364e-5,0.13280354035101516,7.797029375043744e-5,35.662161743426054,4,3.395746170018745e-7,TRUE,,,,,0.6910426206319471,0.4058099730611888,1.308957379368053,-27.662161743426054
Ewa,full (eight descriptors),imperv_z + tree_z + bldg_z + water_z + height_z + svf_point_z + aspect_z + coast_km_z,9,339.66296293547526,0.3272292466533645,0.3900435192143912,-0.0452055462589718,0.06995729426602744,0.5232389771703734,,,,0.12985546040766294,0.011968612449396792,0.12455045827618218,3.4678513438880825e-4,41.47303162453886,8,1.7001883398810947e-6,TRUE,,,,,,,,-25.473031624538862
Ewa,full (eight descriptors) + elevation,imperv_z + tree_z + bldg_z + water_z + height_z + svf_point_z + aspect_z + coast_km_z + elev_m_z,10,340.6593811445305,0.32950121929757653,0.39379486214456383,-0.013420100848347157,0.07927786415244566,0.8667940065388324,-0.09286130564175002,0.1072747301872728,0.39404434253616993,0.13204719236971668,0.011322593269148392,0.12507962021005606,3.6609161173068285e-4,42.4766134154836,9,2.6886416406035667e-6,TRUE,,,,,1.003581790944736,0.3164453686875984,0.996418209055264,-24.476613415483598
