scope,model,rmse,mae,r,r2_cv
pooled,parsimonious,0.6276635578363666,0.4867758563326335,0.3564758785467499,0.1146309301181413
pooled,parsimonious + elevation,0.6166237190569217,0.47952913615653037,0.40046755623205726,0.1455021583908308
pooled,full,0.6347032860247671,0.49109552087619124,0.39103069663682316,0.09465937020048765
pooled,full + elevation,0.6373490106118471,0.5000314158218981,0.38785910224849546,0.08709591711876308
Honolulu,best subset (imperv + coast),0.5918511927773452,0.47402684239984366,0.5778124372079816,0.3255290122314912
Honolulu,best subset (imperv + coast) + elevation,0.5989204191143054,0.48058292849452566,0.5655392397299349,0.309320670740713
Honolulu,full,0.6364633270496337,0.5292617513262483,0.5384039408872233,0.22001726733368532
Honolulu,full + elevation,0.6478913317864947,0.5399989440189557,0.5241919908056337,0.19175587227057345
Honolulu,elevation only,0.7019701518383211,0.5572521511796799,0.27017672024416073,0.0511981756361386
Ewa,best subset (imperv + height + aspect),0.43538348832169427,0.3639222829486442,0.7051025601787457,0.49143721126625584
Ewa,best subset (imperv + height + aspect) + elevation,0.45100353271358395,0.3720128142777001,0.6818946658279813,0.45429170150692344
Ewa,full,0.47084508150647425,0.3892683779928042,0.6490135114442047,0.4052194655235699
Ewa,full + elevation,0.48134063474719957,0.39208671447446897,0.6389786874920571,0.3784075607058808
Ewa,elevation only,0.6580908874098629,0.5082474198836358,-0.45291107487916243,-0.16190982735425452
