region,predictors,k,aic,r2m,delta_aic,weight,rank
Honolulu,imperv + coast_km,2,289.7122194935086,0.35618199322173005,0,0.16134943773980737,1
Honolulu,imperv + bldg + coast_km,3,289.7980017844596,0.3781087431884098,0.08578229095098777,0.15457528949573932,2
Honolulu,imperv + aspect + coast_km,3,291.3229541268671,0.362567674614419,1.6107346333585042,0.07211089317153861,3
Honolulu,imperv + height + coast_km,3,291.4870752795697,0.36008751729965194,1.7748557860610958,0.06642971960357115,4
Honolulu,imperv + coast_km + elev_m,3,291.53193099631227,0.3591302463829064,1.8197115028036706,0.06495642642216955,5
Honolulu,imperv + water + coast_km,3,291.60060075307837,0.35699649074485784,1.888381259569769,0.06276400899322489,6
Honolulu,imperv + tree + coast_km,3,291.68668997857907,0.35649800290723294,1.9744704850704693,0.06011967693691243,7
Honolulu,imperv + svf_point + coast_km,3,291.71062957750524,0.3562270981386923,1.9984100839966459,0.05940434618382035,8
Honolulu,aspect + coast_km,2,292.4984911886726,0.3250496747850375,2.7862716951639754,0.04006233380127086,9
Honolulu,bldg + aspect + coast_km,3,294.00750772255395,0.3328194878116998,4.2952882290453545,0.01883898361124775,10
Honolulu,water + aspect + coast_km,3,294.01927460681475,0.33175903576346233,4.3070551133061485,0.018728470957558578,11
Honolulu,tree + aspect + coast_km,3,294.35438832075783,0.32668172342828816,4.642168827249236,0.015839202218804124,12
Honolulu,aspect + coast_km + elev_m,3,294.38953966781776,0.3269887391169315,4.677320174309159,0.015563249700854057,13
Honolulu,coast_km,1,294.4125227353002,0.2667886498286171,4.700303241791573,0.015385427771998623,14
Honolulu,svf_point + aspect + coast_km,3,294.4505496676871,0.3254862963435042,4.738330174178486,0.015095660926703256,15
Honolulu,height + aspect + coast_km,3,294.49771988644665,0.3250374052356044,4.785500392938047,0.014743793835079549,16
Honolulu,height + coast_km,2,294.6567327927187,0.2945428855292746,4.944513299210087,0.013616956044675062,17
Honolulu,water + coast_km,2,295.04544236996867,0.28782710053416866,5.33322287646007,0.011211734976516449,18
Honolulu,bldg + coast_km,2,295.14546438995234,0.28532429248720087,5.433244896443739,0.010664814789196125,19
Honolulu,tree + coast_km,2,295.37864173237324,0.2817490591407602,5.666422238864641,0.00949116451070714,20
Honolulu,tree + height + coast_km,3,295.4337525746342,0.31148919150330057,5.721533081125585,0.00923320193174772,21
Honolulu,water + height + coast_km,3,295.92390343450745,0.3052484691830727,6.211683940998853,0.007226323952766437,22
Honolulu,tree + water + coast_km,3,295.9700299927123,0.302813570445263,6.257810499203686,0.00706156843078048,23
Honolulu,svf_point + coast_km,2,296.06414369708983,0.27157723535927636,6.351924203581234,0.0067369704246275945,24
Honolulu,bldg + height + coast_km,3,296.2179100117878,0.3002900234003646,6.505690518279209,0.006238421431325455,25
Honolulu,coast_km + elev_m,2,296.3581468781162,0.2679423838758159,6.645927384607603,0.0058159767432178185,26
Honolulu,height + svf_point + coast_km,3,296.4065693754719,0.29772368653775516,6.694349881963319,0.0056768556277655355,27
Honolulu,bldg + water + coast_km,3,296.5046709547986,0.29524887766649355,6.79245146129,0.005405120273570479,28
Honolulu,height + coast_km + elev_m,3,296.61115020579575,0.295477372551774,6.898930712287154,0.005124879833483822,29
Honolulu,tree + bldg + coast_km,3,296.79454545693903,0.2901862068445214,7.082325963430435,0.004675842928517682,30
Honolulu,water + svf_point + coast_km,3,296.83308894977364,0.2905368404365545,7.120869456265041,0.004586594022690808,31
Honolulu,water + coast_km + elev_m,3,296.89864698245833,0.29051675356388235,7.186427488949732,0.004438687343127245,32
Honolulu,bldg + coast_km + elev_m,3,297.0432543716807,0.287287590186327,7.33103487817209,0.004129081539380694,33
Honolulu,bldg + svf_point + coast_km,3,297.06324974572647,0.2863019249335871,7.351030252217868,0.004088005947053867,34
Honolulu,tree + svf_point + coast_km,3,297.143850921217,0.28480040810058227,7.431631427708396,0.003926532496166762,35
Honolulu,tree + coast_km + elev_m,3,297.3733220871072,0.2819460318743547,7.661102593598628,0.0035009037063060172,36
Honolulu,svf_point + coast_km + elev_m,3,298.0208129711437,0.2725450708224256,8.3085934776351,0.002532674084486347,37
Honolulu,imperv + bldg + aspect,3,299.86418664944796,0.24560855664014106,10.15196715593936,0.0010076177241442363,38
Honolulu,imperv + bldg + elev_m,3,300.47647718399094,0.2333048040264592,10.764257690482339,7.418884296504396e-4,39
Honolulu,imperv + elev_m,2,300.66347065180554,0.198118125972833,10.951251158296941,6.756682043626629e-4,40
Honolulu,aspect + elev_m,2,301.5380193762416,0.1850416244731228,11.825799882733008,4.3634262477617333e-4,41
Honolulu,imperv + height + elev_m,3,301.92413851672245,0.21196948811819127,12.211919023213852,3.597351985259418e-4,42
Honolulu,imperv + water + elev_m,3,301.93124015604303,0.20944126761252474,12.219020662534433,3.584601088569779e-4,43
Honolulu,imperv + aspect + elev_m,3,301.9509391787908,0.21165497214653525,12.238719685282206,3.549467826142113e-4,44
Honolulu,bldg + aspect + elev_m,3,301.9938737300248,0.21289789107024387,12.281654236516204,3.474082476118996e-4,45
Honolulu,imperv + svf_point + elev_m,3,302.49818327953886,0.2010811297331898,12.785963786030266,2.699794431815046e-4,46
Honolulu,imperv + tree + elev_m,3,302.6610224802394,0.19816653635317735,12.948802986730811,2.488688919359358e-4,47
Honolulu,height + elev_m,2,302.8312470422186,0.16117332708851667,13.119027548709994,2.2856346967517022e-4,48
Honolulu,elev_m,1,303.1020519567493,0.11653996477242105,13.38983246324068,0.00019961918592563071,49
Honolulu,height + aspect + elev_m,3,303.4440336642378,0.18680583657492691,13.731814170729194,1.682448951807655e-4,50
Honolulu,tree + aspect + elev_m,3,303.44883254857314,0.18651948359414972,13.736613055064538,1.6784168521771794e-4,51
Honolulu,svf_point + aspect + elev_m,3,303.4942788208762,0.18589982068914854,13.78205932736762,1.640708011622614e-4,52
Honolulu,water + aspect + elev_m,3,303.53739861900146,0.18505839050675923,13.825179125492866,1.6057131113040112e-4,53
Honolulu,tree + height + elev_m,3,303.74889597511924,0.1809027098597355,14.036676481610641,1.4445809593182892e-4,54
Honolulu,tree + elev_m,2,304.22509760357923,0.13366770595989294,14.51287811007063,1.1385078160628652e-4,55
Honolulu,imperv + bldg + water,3,304.5815369196299,0.15740588090762073,14.869317426121313,9.526562091704772e-5,56
Honolulu,bldg + aspect,2,304.60322107319337,0.12666119043376955,14.891001579684769,9.423832282607116e-5,57
Honolulu,bldg + elev_m,2,304.6045190736556,0.12642150668396898,14.892299580146982,9.417718197513716e-5,58
Honolulu,imperv + bldg + height,3,304.62833414245654,0.1620330331564641,14.91611464894794,9.306241418077937e-5,59
Honolulu,bldg + height + elev_m,3,304.80988249019356,0.16155165696452564,15.09766299668496,8.498682244454265e-5,60
Honolulu,water + height + elev_m,3,304.8118433225592,0.16155962292512824,15.099623829050586,8.490354082048911e-5,61
Honolulu,height + svf_point + elev_m,3,304.825646952018,0.1612623299521227,15.11342745850942,8.431956985968581e-5,62
Honolulu,water + elev_m,2,304.85276251472345,0.12159684849750964,15.140543021214853,8.31840981988867e-5,63
Honolulu,tree + bldg + aspect,3,304.9864663438176,0.157815140291502,15.274246850308998,7.780489038249697e-5,64
Honolulu,imperv + bldg,2,305.02604614013626,0.11412758864278763,15.31382664662766,7.628027527244857e-5,65
Honolulu,svf_point + elev_m,2,305.07509100861637,0.11705813635497006,15.36287151510777,7.443244646681248e-5,66
Honolulu,aspect,1,305.52165278561574,0.0658969706221202,15.809433292107144,5.953777986082263e-5,67
Honolulu,tree + height,2,305.648371192448,0.10499642238533421,15.936151698939398,5.588253303587929e-5,68
Honolulu,imperv + water,2,305.6621119888746,0.10115723267688648,15.949892495365987,5.549991365953899e-5,69
Honolulu,height,1,305.6928540022667,0.0622075452406029,15.9806345087581,5.465334707335315e-5,70
Honolulu,imperv,1,305.73555808478943,0.060051059622605193,16.023338591280833,5.349875684606147e-5,71
Honolulu,tree + water + elev_m,3,305.9836771082534,0.1385033286121641,16.271457614744804,4.725691088579837e-5,72
Honolulu,imperv + water + height,3,306.09114964186574,0.13381208192225583,16.378930148357142,4.4784524235549255e-5,73
Honolulu,tree + bldg + elev_m,3,306.1214211002814,0.13570680770789867,16.409201606772797,4.411178187033196e-5,74
Honolulu,imperv + tree + bldg,3,306.1546958999106,0.13091141847223128,16.442476406402022,4.338394793968325e-5,75
Honolulu,tree + svf_point + elev_m,3,306.22052112925724,0.1337390407716689,16.508301635748637,4.1979310714351355e-5,76
Honolulu,imperv + height,2,306.2918150912341,0.09151752492950188,16.57959559772553,4.050923261308464e-5,77
Honolulu,tree + bldg + height,3,306.42293892916257,0.12967537406187207,16.71071943565397,3.793855946134429e-5,78
Honolulu,(null),0,306.4362504672023,0,16.724030973693687,3.768688763646336e-5,79
Honolulu,bldg + water + elev_m,3,306.5471504424097,0.12760906623828397,16.834930948901103,3.5654031937796755e-5,80
Honolulu,bldg + svf_point + aspect,3,306.5849997786355,0.12699924420953496,16.872780285126908,3.498563575280725e-5,81
Honolulu,bldg + height + aspect,3,306.59615118240254,0.12679977114558283,16.883931688893938,3.4791109092937056e-5,82
Honolulu,bldg + water + aspect,3,306.60158853131384,0.1266869169101114,16.88936903780524,3.4696651850787325e-5,83
Honolulu,bldg + svf_point + elev_m,3,306.6021254256366,0.1264771797224447,16.889905932127988,3.468733888316456e-5,84
Honolulu,tree,1,306.63840553898126,0.0409605380723126,16.92618604547266,3.4063781373273805e-5,85
Honolulu,tree + aspect,2,306.83936980413176,0.08025962322382399,17.127150310623165,3.0807327189155006e-5,86
Honolulu,water + svf_point + elev_m,3,306.8443901977797,0.12175366563888523,17.132170704271118,3.0730091712968714e-5,87
Honolulu,imperv + aspect,2,306.8564074158333,0.07965055833354531,17.144187922324704,3.054600022724952e-5,88
Honolulu,imperv + bldg + svf_point,3,307.0075860903308,0.1145544215426456,17.29536659682219,2.8322156523048186e-5,89
Honolulu,height + aspect,2,307.0481729539756,0.07610229850851087,17.33595346046701,2.77531953834561e-5,90
Honolulu,imperv + water + aspect,3,307.0494621843993,0.11484859315311363,17.33724269089072,2.7735311016421172e-5,91
Honolulu,water + aspect,2,307.07919911608474,0.07529245426518212,17.36697962257614,2.7325980094268446e-5,92
Honolulu,imperv + tree,2,307.2157564293473,0.07108720645481144,17.503536935838724,2.5522470107294578e-5,93
Honolulu,imperv + tree + height,3,307.29290132931965,0.11187779207318373,17.58068183581105,2.4556750719812497e-5,94
Honolulu,water + height,2,307.38231873377254,0.06887495948321766,17.670099240263937,2.3483031408687153e-5,95
Honolulu,tree + water + height,3,307.38965227730256,0.11012437072323934,17.67743278379396,2.339708216658845e-5,96
Honolulu,svf_point + aspect,2,307.44393547367383,0.0676272471305172,17.731715980165234,2.277058844342154e-5,97
Honolulu,imperv + water + svf_point,3,307.5060436209822,0.10444478118500178,17.793824127473613,2.2074335608201473e-5,98
Honolulu,bldg + height,2,307.56880435652585,0.06490976687982372,17.856584863017247,2.1392390640354002e-5,99
Honolulu,imperv + svf_point,2,307.58502582145024,0.06334857804724353,17.872806327941646,2.121958442296413e-5,100
Honolulu,tree + height + svf_point,3,307.61994935755854,0.10564137321790315,17.90772986404994,2.0852269280700012e-5,101
Honolulu,imperv + tree + water,3,307.63495849547934,0.1017958394670271,17.92273900197074,2.0696367706637565e-5,102
Honolulu,tree + height + aspect,3,307.6350329352889,0.10528363341004783,17.922813441780306,2.0695597404137546e-5,103
Honolulu,height + svf_point,2,307.6920238961989,0.062229054725832844,17.97980440269032,2.0114189502585144e-5,104
Honolulu,imperv + height + svf_point,3,308.167615656851,0.09415282315473236,18.455396163342414,1.5857294750618594e-5,105
Honolulu,imperv + height + aspect,3,308.23860157132765,0.09271552083681056,18.52638207781905,1.530434345167212e-5,106
Honolulu,bldg,1,308.3656196101047,0.0016636312079907902,18.653400116596117,1.4362600699822623e-5,107
Honolulu,water,1,308.3984140027931,8.908220820247013e-4,18.68619450928452,1.4129014628104034e-5,108
Honolulu,svf_point,1,308.4320666000838,9.838574980518803e-5,18.719847106575173,1.3893264571028784e-5,109
Honolulu,imperv + tree + aspect,3,308.48199272343743,0.08735085297772606,18.76977322992883,1.3550739178894967e-5,110
Honolulu,tree + water + aspect,3,308.5341613388749,0.08657387880305685,18.821941845366325,1.3201847607559067e-5,111
Honolulu,tree + bldg,2,308.5541427572106,0.04284057205806981,18.84192326370203,1.3070608465310909e-5,112
Honolulu,water + height + aspect,3,308.5578598635445,0.08637663563209151,18.84564037003588,1.304633860495309e-5,113
Honolulu,tree + water,2,308.6202886485037,0.041335047390126826,18.908069154995076,1.2645395227304407e-5,114
Honolulu,tree + svf_point,2,308.6346231808424,0.04106295722676979,18.922403687333826,1.2555086334424497e-5,115
Honolulu,imperv + svf_point + aspect,3,308.66013288525534,0.08387747645123525,18.947913391746738,1.2395965005537946e-5,116
Honolulu,tree + svf_point + aspect,3,308.7464934454006,0.082324883539433,19.034273951891976,1.1872095574486297e-5,117
Honolulu,height + svf_point + aspect,3,309.0051292956835,0.07705715646893604,19.292909802174904,1.0431945821323782e-5,118
Honolulu,water + svf_point + aspect,3,309.035738758246,0.07628153363854372,19.3235192647374,1.027350324701783e-5,119
Honolulu,imperv + tree + svf_point,3,309.0760714312611,0.07413128376283051,19.363851937752486,1.0068399371258431e-5,120
Honolulu,bldg + water + height,3,309.3599208583564,0.06937464058473725,19.64770136484782,8.736215007169909e-6,121
Honolulu,water + height + svf_point,3,309.37954593134737,0.0689231225210689,19.667326437838767,8.650909793314663e-6,122
Honolulu,bldg + height + svf_point,3,309.56219728414385,0.06504444925622058,19.84997779063525,7.895861942026683e-6,123
Honolulu,bldg + water,2,310.24984507682063,0.00436447396533951,20.537625583312035,5.598590788117483e-6,124
Honolulu,bldg + svf_point,2,310.36535702303206,0.001670158068019467,20.653137529523462,5.284399281144074e-6,125
Honolulu,water + svf_point,2,310.38925634684676,0.0011028111343954216,20.677036853338166,5.221628289359493e-6,126
Honolulu,tree + bldg + svf_point,3,310.5535932440308,0.042845492567369206,20.841373750522223,4.80972946132499e-6,127
Honolulu,tree + bldg + water,3,310.5540961710569,0.042843325832486144,20.841876677548328,4.80852014191404e-6,128
Honolulu,tree + water + svf_point,3,310.618635504401,0.04138601505340191,20.90641601089243,4.6558277166367804e-6,129
Honolulu,bldg + water + svf_point,3,312.2498052018556,0.004365933121285046,22.537585708347024,2.0596475142571727e-6,130
Ewa,imperv + height + aspect,3,336.16487543722,0.31235504565579875,0,0.6521549054151958,1
Ewa,imperv + tree + height,3,339.5453691737471,0.2931469942349886,3.3804937365270575,0.12030560941376554,2
Ewa,imperv + bldg + height,3,341.3842992351494,0.28195569666641324,5.21942379792938,0.04796973157126967,3
Ewa,imperv + height,2,341.63612341492774,0.26749062542341645,5.471247977707719,0.042294545504204015,4
Ewa,imperv + height + svf_point,3,341.66636377774813,0.2801905542365633,5.5014883405281125,0.04165985471531754,5
Ewa,imperv + water + height,3,341.9237753254975,0.2785681777539382,5.758899888277483,0.03662870323930506,6
Ewa,imperv + height + coast_km,3,343.18236916012404,0.27047500162359184,7.017493722904021,0.01952186769000856,7
Ewa,imperv + height + elev_m,3,343.60470093091936,0.26769844771791795,7.439825493699345,0.01580568004345499,8
Ewa,bldg + height + aspect,3,347.2780504030841,0.24219688689410548,11.113174965864062,0.0025185784514009085,9
Ewa,tree + height + svf_point,3,347.95354679774636,0.23723207916416955,11.788671360526337,0.0017966906382846904,10
Ewa,tree + water + height,3,348.08484439912934,0.23625673469315903,11.91996896190932,0.001682528359128199,11
Ewa,water + height + svf_point,3,348.65707687837215,0.23196618483536877,12.492201441152133,0.0012638737357400834,12
Ewa,tree + bldg + height,3,348.70212312953504,0.23162567029967435,12.53724769231502,0.0012357255315741773,13
Ewa,tree + height,2,348.84045704750554,0.21498636882803815,12.67558161028552,0.0011531430642031507,14
Ewa,bldg + height + svf_point,3,348.93316461103444,0.2298727940405797,12.768289173814424,0.0011009104637728646,15
Ewa,height + svf_point,2,349.10306962369083,0.2128772926411078,12.93819418647081,0.0010112478117326757,16
Ewa,tree + height + elev_m,3,349.9686977567312,0.22188358708301467,13.803822319511198,6.559773349243279e-4,17
Ewa,tree + height + coast_km,3,350.15282939715524,0.2204399709711522,13.987953959935226,5.982809248960288e-4,18
Ewa,water + height,2,350.285110752227,0.20320086543590338,14.120235315006994,5.599904556932702e-4,19
Ewa,imperv + tree,2,350.39572043288604,0.20227983225759874,14.230844995666018,5.298611016546905e-4,20
Ewa,bldg + water + height,3,350.54048815188474,0.21737762191643667,14.375612714664726,4.928628991566748e-4,21
Ewa,imperv + tree + svf_point,3,350.60916053285234,0.21683185985963124,14.444285095632324,4.762271040817793e-4,22
Ewa,height,1,350.65578237398825,0.18285883644748036,14.490906936768226,4.652542029833165e-4,23
Ewa,height + svf_point + elev_m,3,350.7645274870735,0.21559344685813597,14.59965204985349,4.4063257845795633e-4,24
Ewa,tree + height + aspect,3,350.8120325271075,0.21521377342910894,14.647157089887457,4.302897645301513e-4,25
Ewa,imperv + tree + aspect,3,350.84709218204523,0.2149332612125309,14.682216744825212,4.228125874819717e-4,26
Ewa,bldg + height,2,350.9268021188251,0.19781989090668503,14.761926681605075,4.0629278981800374e-4,27
Ewa,height + svf_point + coast_km,3,351.03866340504004,0.21339590266854772,14.873787967820022,3.841923788685105e-4,28
Ewa,height + svf_point + aspect,3,351.09407249852563,0.21294979201063555,14.929197061305615,3.73694592801294e-4,29
Ewa,imperv + svf_point,2,351.51647177097374,0.19279404782646417,15.351596333753719,3.025477846575571e-4,30
Ewa,imperv + tree + water,3,351.54248538163165,0.2093153917435124,15.377609944411631,2.9863808598367964e-4,31
Ewa,imperv,1,351.8233615497901,0.17236188704653982,15.658486112570074,2.5950976745023563e-4,32
Ewa,imperv + aspect,2,351.88440003570287,0.18961822525494174,15.719524598482849,2.517093624828041e-4,33
Ewa,water + height + elev_m,3,352.15252435722334,0.2043013543168061,15.987648920003323,2.2012882379476913e-4,34
Ewa,imperv + tree + elev_m,3,352.202539183487,0.2038866758714358,16.037663746266958,2.1469223222245987e-4,35
Ewa,water + height + coast_km,3,352.2357930358024,0.2036106610798588,16.070917598582355,2.1115207287214166e-4,36
Ewa,water + height + aspect,3,352.2378585816748,0.20359350849506866,16.07298314445478,2.109341132966027e-4,37
Ewa,imperv + svf_point + aspect,3,352.3352184929409,0.20278395798221724,16.170343055720878,2.0091177268337544e-4,38
Ewa,imperv + bldg + aspect,3,352.3391723547485,0.20275103747543843,16.174296917528466,2.0051497633973055e-4,39
Ewa,imperv + tree + coast_km,3,352.39346420871505,0.2022986464710945,16.228588771495026,1.951450273112485e-4,40
Ewa,imperv + tree + bldg,3,352.3955026840416,0.20228164819338165,16.230627246821598,1.9494622947793949e-4,41
Ewa,height + elev_m,2,352.5129392062669,0.18412094716787164,16.34806376904686,1.8382891460918475e-4,42
Ewa,bldg + height + coast_km,3,352.5235297046006,0.2012122222025595,16.358654267380587,1.8285806740968525e-4,43
Ewa,height + aspect,2,352.5660625691379,0.18365212436022174,16.40118713191788,1.7901038693438846e-4,44
Ewa,height + coast_km,2,352.6532928327028,0.18288087354859822,16.48841739548277,1.7137064062825892e-4,45
Ewa,imperv + water + svf_point,3,352.760346603104,0.19922449944389875,16.595471165883964,1.6243888110454405e-4,46
Ewa,bldg + height + elev_m,3,352.9016798712817,0.19803227704417006,16.736804434061696,1.513560760955607e-4,47
Ewa,imperv + water,2,353.1407541667737,0.17853807069765731,16.9758787295537,1.343029451475612e-4,48
Ewa,imperv + svf_point + coast_km,3,353.32842209786935,0.19440533748094804,17.16354666064933,1.2227395588997812e-4,49
Ewa,imperv + coast_km,2,353.40177376836516,0.17618953474367624,17.23689833114514,1.1787069659861539e-4,50
Ewa,imperv + bldg + svf_point,3,353.48385204697223,0.19307412189427728,17.318976609752212,1.1313130019563907e-4,51
Ewa,imperv + svf_point + elev_m,3,353.4995830606334,0.1929390850206367,17.334707623413408,1.1224495552578322e-4,52
Ewa,imperv + water + aspect,3,353.5013793791347,0.19292366165147012,17.336503941914657,1.1214418694053438e-4,53
Ewa,imperv + aspect + elev_m,3,353.70854009534156,0.19114003714911645,17.543664658121543,1.0110959915206987e-4,54
Ewa,imperv + bldg,2,353.7845128717982,0.17271638689610339,17.61963743457818,9.734084452435281e-5,55
Ewa,imperv + elev_m,2,353.8177062794529,0.1724135147248473,17.652830842232902,9.57386397933553e-5,56
Ewa,imperv + aspect + coast_km,3,353.85598817734973,0.18986456779182,17.69111274012971,9.392353817748674e-5,57
Ewa,height + aspect + elev_m,3,354.2857080117541,0.18611888630294754,18.120832574534063,7.576383821532197e-5,58
Ewa,height + coast_km + elev_m,3,354.4612307934718,0.18457665060909195,18.29635535625181,6.939811595742167e-5,59
Ewa,imperv + water + coast_km,3,354.51338484469954,0.1841170166766944,18.348509407479526,6.761181148819512e-5,60
Ewa,height + aspect + coast_km,3,354.5286895070771,0.18398201642575654,18.363814069857085,6.709639808657473e-5,61
Ewa,imperv + bldg + water,3,355.1311434206201,0.17862423488055612,18.966267983400087,4.964528424311108e-5,62
Ewa,imperv + water + elev_m,3,355.13596943061384,0.1785809704908477,18.971093993393822,4.9525634340124486e-5,63
Ewa,imperv + coast_km + elev_m,3,355.2515602378987,0.17754306699664354,19.086684800678654,4.67444250026391e-5,64
Ewa,imperv + bldg + coast_km,3,355.39321769556557,0.17626677533678858,19.22834225834555,4.35481084560314e-5,65
Ewa,bldg + svf_point + aspect,3,355.5234224346228,0.17508944599856008,19.358546997402755,4.080333829346387e-5,66
Ewa,tree + bldg + svf_point,3,355.581882174844,0.1745595255967285,19.41700673762398,3.96279243010738e-5,67
Ewa,imperv + bldg + elev_m,3,355.78451046346555,0.17271640795093082,19.619635026245533,3.58097386076305e-5,68
Ewa,tree + bldg + aspect,3,356.2773519073915,0.168192068946942,20.112476470171487,2.798865256778808e-5,69
Ewa,bldg + svf_point,2,356.8086751085547,0.14400205169195848,20.643799671334705,2.1458858890819557e-5,70
Ewa,bldg + water + svf_point,3,357.34408981040616,0.15819505197474146,21.17921437318614,1.6418852398116075e-5,71
Ewa,tree + bldg,2,357.97834371468036,0.13226551474023066,21.813468277460345,1.195683712303425e-5,72
Ewa,bldg + svf_point + coast_km,3,358.00590700670654,0.15184954373121365,21.841031569486518,1.1793182531479293e-5,73
Ewa,bldg + aspect,2,358.1675004431726,0.1303331628954928,22.00262500595261,1.0877809568195345e-5,74
Ewa,tree + bldg + water,3,358.3444443719218,0.14856046022843436,22.179568934701763,9.956772076182393e-6,75
Ewa,bldg + svf_point + elev_m,3,358.73535106388715,0.14472576734250092,22.570475626667132,8.189063825813926e-6,76
Ewa,bldg + aspect + coast_km,3,359.1977342198428,0.1401384329922255,23.03285878262278,6.498738014076567e-6,77
Ewa,bldg + water + aspect,3,359.224689104893,0.13986927752163214,23.059813667672984,6.41173922348441e-6,78
Ewa,tree + bldg + coast_km,3,359.8362407668345,0.13371083682483517,23.671365329614503,4.722577508581343e-6,79
Ewa,tree + bldg + elev_m,3,359.9762191625322,0.13228716348113942,23.811343725312156,4.40334964841974e-6,80
Ewa,bldg,1,360.0255160703201,0.0887357725825932,23.860640633100104,4.2961405842861515e-6,81
Ewa,bldg + aspect + elev_m,3,360.0727832843459,0.1313019651447245,23.907907847125898,4.1957976888024805e-6,82
Ewa,bldg + water,2,360.660724942336,0.10393872353818909,24.495849505115984,3.127120600236607e-6,83
Ewa,bldg + water + coast_km,3,360.758900553961,0.12422890124378953,24.594025116740966,2.977323788024792e-6,84
Ewa,bldg + coast_km,2,360.8061671127567,0.10234459860371732,24.641291675536706,2.9077848166683555e-6,85
Ewa,bldg + elev_m,2,361.8003870775732,0.09128154254095766,25.635511640353172,1.7687650257658982e-6,86
Ewa,tree + svf_point + aspect,3,361.8428772823198,0.11278942921114253,25.6780018450998,1.7315837897838407e-6,87
Ewa,tree + svf_point,2,361.89937034470074,0.09016410323611936,25.734494907480723,1.6833568821918607e-6,88
Ewa,tree + svf_point + elev_m,3,362.2573534058867,0.1083279261217375,26.092477968666685,1.4074765404324263e-6,89
Ewa,bldg + water + elev_m,3,362.4117222440359,0.10665372494518849,26.24684680681588,1.3029279410524897e-6,90
Ewa,svf_point,1,362.43463430707976,0.06052214480946655,26.269758869859743,1.288086730490829e-6,91
Ewa,tree + water + svf_point,3,362.52673744001294,0.10540187884516573,26.36186200279292,1.230113444320432e-6,92
Ewa,svf_point + aspect,2,362.68116024052057,0.0812347163077942,26.51628480330055,1.1387088081038913e-6,93
Ewa,tree + svf_point + coast_km,3,362.736491887827,0.10310904260579835,26.571616450606996,1.1076372825148018e-6,94
Ewa,bldg + coast_km + elev_m,3,362.7897923818886,0.10252438107703978,26.6249169446686,1.0785083460058408e-6,95
Ewa,water + svf_point + aspect,3,363.19307851122556,0.09807385206876217,27.028203074005546,8.815583024198463e-7,96
Ewa,water + svf_point,2,363.238110293308,0.0747597402159224,27.073234856087993,8.619310237588016e-7,97
Ewa,svf_point + elev_m,2,363.7500149319525,0.06872367411720681,27.58513949473246,6.672887957192921e-7,98
Ewa,tree,1,363.847648686016,0.043117254386841226,27.682773248795968,6.354961626320397e-7,99
Ewa,tree + aspect,2,364.1689803438457,0.06372225842598492,28.004104906625685,5.411736588433511e-7,100
Ewa,svf_point + coast_km,2,364.2491367494166,0.06275905032145748,28.08426131219659,5.199132759078927e-7,101
Ewa,tree + water,2,364.51851681087544,0.0595069973638541,28.35364137365542,4.543973292400688e-7,102
Ewa,tree + water + aspect,3,364.53130115330436,0.08296070957271219,28.366425716084336,4.515020072675877e-7,103
Ewa,svf_point + aspect + elev_m,3,364.5461861357759,0.08278957892595123,28.381310698555865,4.481541810723093e-7,104
Ewa,water + svf_point + elev_m,3,364.5575791334076,0.08265854893171952,28.392703696187596,4.456085288468349e-7,105
Ewa,tree + elev_m,2,364.5728348905682,0.058848435440541746,28.407959453348155,4.4222241195698747e-7,106
Ewa,svf_point + aspect + coast_km,3,364.66921237853956,0.0813725768829054,28.504336941319536,4.2141757469959936e-7,107
Ewa,tree + coast_km,2,364.970867202976,0.05399361521656817,28.805991765756005,3.6241747521084284e-7,108
Ewa,(null),0,365.1359945600141,0,28.971119122794107,3.336969064519371e-7,109
Ewa,water + svf_point + coast_km,3,365.17545314843153,0.07549295284741592,29.01057771121151,3.271778219349597e-7,110
Ewa,tree + water + elev_m,3,365.2189563668146,0.07498400844501331,29.05408092959459,3.201380188994121e-7,111
Ewa,tree + aspect + elev_m,3,365.6738286430344,0.06962720520172017,29.508953205814407,2.550133951445774e-7,112
Ewa,svf_point + coast_km + elev_m,3,365.7421460864408,0.06881707915215071,29.577270649220793,2.4644956104901815e-7,113
Ewa,aspect,1,365.7887080532252,0.0181210868182502,29.62383261600519,2.4077824596146747e-7,114
Ewa,tree + water + coast_km,3,365.94224476624584,0.06643580897224712,29.777369329025817,2.2298578212751182e-7,115
Ewa,tree + aspect + coast_km,3,365.96950150556563,0.06611046348820411,29.804626068345613,2.1996746355689217e-7,116
Ewa,water,1,366.0016877594113,0.015299361552894273,29.836812322191292,2.164558316054256e-7,117
Ewa,water + aspect,2,366.4133964726484,0.035963991419812,30.248521035428382,1.7618457356335298e-7,118
Ewa,tree + coast_km + elev_m,3,366.446981493742,0.060372860415735474,30.282106056521968,1.7325069479170967e-7,119
Ewa,elev_m,1,366.76460325429,0.005059982005079156,30.599727817070004,1.4781016302058587e-7,120
Ewa,coast_km,1,367.093989746542,5.747905984792973e-4,30.92911430932196,1.2536575715931494e-7,121
Ewa,water + elev_m,2,367.63575402296595,0.020137744734141982,31.470878585745936,9.561726345153742e-8,122
Ewa,aspect + coast_km,2,367.70436146167106,0.019234184470793406,31.539486024451037,9.239285644329262e-8,123
Ewa,aspect + elev_m,2,367.7519450868218,0.018606542865899012,31.5870696496018,9.022060626993211e-8,124
Ewa,water + coast_km,2,368.00103623998484,0.015308017691035836,31.836160802764823,7.96555947269569e-8,125
Ewa,water + aspect + coast_km,3,368.0898152412601,0.04006843698430435,31.924939804040093,7.619705202777349e-8,126
Ewa,water + aspect + elev_m,3,368.3924427593408,0.03623084373223368,32.22756732212076,6.549730623447845e-8,127
Ewa,coast_km + elev_m,2,368.7203525681993,0.005659557988369405,32.555477130979284,5.559282305471674e-8,128
Ewa,water + coast_km + elev_m,3,369.4394210745211,0.022714395591226757,33.27454563730106,3.880386511423779e-8,129
Ewa,aspect + coast_km + elev_m,3,369.53224539964583,0.021497849936416246,33.36736996242581,3.7044048162557686e-8,130
