term,estimate,se,df,t,p,lo,hi,natural_unit,estimate_natural,se_natural,scope,model
(Intercept),0.23581455331111614,0.11772546018526342,72.58836239348588,2.0030888215685634,0.048902146866386186,0.0011656319233862011,0.4704634746988461,,,,pooled,parsimonious (district + impervious + height) + elevation
regionHonolulu,-0.351679298679115,0.1732977427197239,69.07744148426714,-2.0293357152833162,0.046279068122756235,-0.6973919216318976,-0.0059666757263324155,,,,pooled,parsimonious (district + impervious + height) + elevation
imperv_z,0.2214060958857286,0.07541015735692043,69.16515232011155,2.9360248492494367,0.00451046101532412,0.07097335643832584,0.37183883533313133,per +10 pp,0.08823801161272668,0.030053564306611293,pooled,parsimonious (district + impervious + height) + elevation
height_z,0.17603563613271586,0.08722606300123359,66.42943346305829,2.0181540938082496,0.04761644032786515,0.0019041934238866742,0.3501670788415451,per +1 m,0.03567218402016956,0.017675649312216928,pooled,parsimonious (district + impervious + height) + elevation
elev_m_z,-0.17339033541475007,0.08131354617834487,69.16642984838771,-2.1323671585353483,0.036529283810958546,-0.33559945834505567,-0.01118121248444448,per +10 m,-0.18019283698882166,0.084503663577613,pooled,parsimonious (district + impervious + height) + elevation
(Intercept),0.24595625132378432,0.12134066296686973,66.67031895966191,2.0269895129132354,0.04666526889843456,0.0037372573593426883,0.488175245288226,,,,pooled,full (district + eight descriptors) + elevation
regionHonolulu,-0.3631796147235447,0.1805237029115865,63.74921879785202,-2.011811240662485,0.048470549455303956,-0.7238444943101083,-0.002514735136981139,,,,pooled,full (district + eight descriptors) + elevation
imperv_z,0.4037498118189022,0.11737385480610893,64.6982511504975,3.4398615644502826,0.001023665228891148,0.16931730918361873,0.6381823144541856,per +10 pp,0.16090830941845305,0.04677755380663625,pooled,full (district + eight descriptors) + elevation
tree_z,-0.13612441519216725,0.075717947216255,64.34961105486111,-1.7977826948132622,0.07690290916670167,-0.28737257784561115,0.015123747461276649,per +10 pp,-0.11931922430532159,0.0663702151820498,pooled,full (district + eight descriptors) + elevation
bldg_z,-0.25621949478508904,0.14016311037740548,64.14694815528597,-1.828009481918518,0.07219893383220871,-0.5362151437050118,0.023776154134833694,per +10 pp,-0.22200789531947876,0.12144789045977966,pooled,full (district + eight descriptors) + elevation
water_z,0.10103627071085657,0.08723049516655028,61.153295129186034,1.158267765394966,0.2512582489261664,-0.07338304220789223,0.27545558362960537,per +10 pp,0.11499958099269113,0.09928583392241483,pooled,full (district + eight descriptors) + elevation
height_z,0.267826929716477,0.10759658709413447,62.502951943079445,2.4891768126637666,0.015479183117225808,0.0527788392833434,0.4828750201496106,per +1 m,0.054272940026758594,0.021803569658307632,pooled,full (district + eight descriptors) + elevation
svf_point_z,-0.030165058222371602,0.07577089195844933,61.14086788558515,-0.3981087914197089,0.6919367472699935,-0.18167126115766108,0.12134114471291789,per -0.1,0.011879912620466905,0.029840869823802574,pooled,full (district + eight descriptors) + elevation
aspect_z,-0.07461624302757415,0.14533628769003917,62.22873889333126,-0.5134040796934989,0.6094867498338365,-0.36511810138096695,0.21588561532581868,per +0.1,-0.02226695680038149,0.04337121125658919,pooled,full (district + eight descriptors) + elevation
coast_km_z,-0.15259653372530949,0.0968927488523386,65.94677565744253,-1.574901481615117,0.1200647795788433,-0.3460520628238699,0.04085899537325091,per +1 km,-0.13757562310804783,0.08735506615115962,pooled,full (district + eight descriptors) + elevation
elev_m_z,-0.07813381503870838,0.09798424766735879,63.66272898298584,-0.7974120014061901,0.4281759837778025,-0.2738998263264669,0.11763219624905015,per +10 m,-0.0811991842734911,0.10182839502076847,pooled,full (district + eight descriptors) + elevation
(Intercept),-0.28367417828749325,0.11562206143626362,32.05396034521174,-2.4534606524367146,0.01976851494517551,-0.5191730623136561,-0.048175294261330354,,,,Honolulu,best subset (imperv + coast) + elevation
imperv_z,0.24145289936009104,0.09345602782669575,31.965596060421422,2.5835989927566763,0.014555622028093221,0.051081164450173494,0.4318246342700086,per +10 pp,0.09622735838609554,0.03724546984879486,Honolulu,best subset (imperv + coast) + elevation
coast_km_z,-0.6373328995247232,0.1873533607509571,32.01606913759863,-3.4017692395275985,0.0018134865704741666,-1.0189516951374595,-0.25571410391198685,per +1 km,-0.5745967397739774,0.16891114573479163,Honolulu,best subset (imperv + coast) + elevation
elev_m_z,-0.054639335824298654,0.13659135409724388,31.838677148567225,-0.40002045653196405,0.6918127200228981,-0.33292211866323607,0.22364344701463879,per +10 m,-0.05678296261331171,0.14195014701398004,Honolulu,best subset (imperv + coast) + elevation
(Intercept),-0.2293483326026216,0.12812216587691636,25.991765656598737,-1.7900753630948654,0.08509932644495068,-0.4927112770659441,0.03401461186070087,,,,Honolulu,full (eight descriptors) + elevation
imperv_z,0.4614509839411604,0.1814776253595036,26.063291098220574,2.542743123440342,0.017277870823413956,0.08846246556358717,0.8344395023187337,per +10 pp,0.18390422863839873,0.07232513066029868,Honolulu,full (eight descriptors) + elevation
tree_z,0.062315338757289694,0.12700878829896498,25.873264808570347,0.4906380069590627,0.6278180030716043,-0.1988172177808716,0.323447895295451,per +10 pp,0.05462222094652563,0.11132896386293029,Honolulu,full (eight descriptors) + elevation
bldg_z,-0.5175242007598364,0.2239680792998396,25.8819841390952,-2.31070517895988,0.029079529365520412,-0.9779993700904066,-0.057049031429266206,per +10 pp,-0.4484220011594257,0.19406283642003797,Honolulu,full (eight descriptors) + elevation
water_z,0.03316287812196265,0.108711123649178,25.9134590373589,0.3050550579256514,0.7627610142387637,-0.19033236313673862,0.2566581193806639,per +10 pp,0.03774601993626034,0.12373510602620418,Honolulu,full (eight descriptors) + elevation
height_z,-0.12206654701789356,0.14836310126815033,25.875180941585946,-0.8227554289072956,0.41816527224346567,-0.42710288428207144,0.18296979024628435,per +1 m,-0.024735788864057886,0.03006457082502582,Honolulu,full (eight descriptors) + elevation
svf_point_z,-0.014249252284699558,0.08883348291248631,25.875152416372995,-0.16040407082470368,0.8738084966739943,-0.19689198139758637,0.16839347682818726,per -0.1,0.005611786683828592,0.034985313371263434,Honolulu,full (eight descriptors) + elevation
aspect_z,0.37548923510378973,0.1995524131585434,25.85862937957898,1.8816572005344048,0.07118554230194277,-0.034805794910687304,0.7857842651182667,per +0.1,0.11205338459582585,0.05955037111116831,Honolulu,full (eight descriptors) + elevation
coast_km_z,-0.5455423015514174,0.19781831419911425,25.98353294450239,-2.75779471562123,0.010509044960649605,-0.9521762122874814,-0.13890839081535333,per +1 km,-0.4918415919121662,0.1783459766334973,Honolulu,full (eight descriptors) + elevation
elev_m_z,-0.05906221477237822,0.14286298028672229,25.888618462122174,-0.4134186102924767,0.6827045304134278,-0.35278277913681483,0.2346583495920584,per +10 m,-0.061379361273053816,0.1484678235206452,Honolulu,full (eight descriptors) + elevation
(Intercept),0.1421988567578608,0.1283096062822551,32.9999999801859,1.1082479393246063,0.27576694261791496,-0.11884900003904339,0.40324671355476494,,,,Ewa,best subset (imperv + height + aspect) + elevation
imperv_z,0.41944523322275723,0.09122878249119025,32.999999978369814,4.5977291570592,6.004647543812586e-5,0.23383887967213066,0.6050515867733838,per +10 pp,0.1671634794514172,0.03635783530109858,Ewa,best subset (imperv + height + aspect) + elevation
height_z,0.6553609303301338,0.14537386660025453,32.999999983887136,4.508106894702258,7.79702966164287e-5,0.35959557487707033,0.9511262857831972,per +1 m,0.1328035403510055,0.0294588268319615,Ewa,best subset (imperv + height + aspect) + elevation
aspect_z,-0.6402603472666465,0.22817989482975098,32.99999997283646,-2.805945492017848,0.008350312056302689,-1.1044958338826727,-0.17602486065062029,per +0.1,-0.19106630024665244,0.0680933755805963,Ewa,best subset (imperv + height + aspect) + elevation
elev_m_z,-0.067580854008777,0.08684176627617604,32.99999997888751,-0.7782068111541505,0.44199137826756896,-0.24426175595947133,0.10910004794191733,per +10 m,-0.07023220631553712,0.09024876846217325,Ewa,best subset (imperv + height + aspect) + elevation
(Intercept),0.11089047246711034,0.16100759050379043,27.99999994780972,0.6887282277819055,0.4966618826170408,-0.21891862583179342,0.44069957076601407,,,,Ewa,full (eight descriptors) + elevation
imperv_z,0.3313317333518934,0.12220746819389743,27.999999950289215,2.711223284866635,0.011322594510325381,0.08100108270277628,0.5816623840010106,per +10 pp,0.13204719236934853,0.048703916459556344,Ewa,full (eight descriptors) + elevation
tree_z,-0.1466535298952844,0.07761442703147223,27.99999994906215,-1.889513786345639,0.06921875842506622,-0.3056394765459282,0.012332416755359399,per +10 pp,-0.1285484709266873,0.06803256576142949,Ewa,full (eight descriptors) + elevation
bldg_z,0.07339779775688489,0.18055833300735324,27.9999999545187,0.40650462670086657,0.6874623030725304,-0.29645918111308717,0.4432547766268569,per +10 pp,0.06359738791444636,0.15644935810594252,Ewa,full (eight descriptors) + elevation
water_z,-0.21071597616928786,0.2232313173701764,27.999999955581362,-0.9439355492395594,0.35327700833086095,-0.6679846009753987,0.24655264863682294,per +10 pp,-0.23983712777049465,0.2540821012236577,Ewa,full (eight descriptors) + elevation
height_z,0.617244811768527,0.15235493329544447,27.999999944588772,4.051360848103125,3.6609168250378794e-4,0.30515987829057617,0.9293297452464777,per +1 m,0.12507962020997707,0.030873482984992612,Ewa,full (eight descriptors) + elevation
svf_point_z,-0.08232524994338355,0.12067175117661727,27.999999945915604,-0.6822247057879428,0.5007021644141325,-0.3295101268880154,0.1648596270012483,per -0.1,0.0324221743109436,0.04752418673184411,Ewa,full (eight descriptors) + elevation
aspect_z,-0.643930665916443,0.3104099716943194,27.999999958853266,-2.0744522555176252,0.047345191456705384,-1.2797766688616425,-0.00808466297124355,per +0.1,-0.19216159563412527,0.09263245038443962,Ewa,full (eight descriptors) + elevation
coast_km_z,-0.014885346876143485,0.08793365564627341,27.9999999467014,-0.1692792909238537,0.8667940087006398,-0.1950092751215805,0.16523858136929354,per +1 km,-0.013420100848104764,0.07927786544274623,Ewa,full (eight descriptors) + elevation
elev_m_z,-0.08935567695860783,0.10322497865210287,27.999999949800657,-0.8656400623705772,0.3940443502110371,-0.30080246045831555,0.12209110654109989,per +10 m,-0.09286130564148223,0.10727473193324624,Ewa,full (eight descriptors) + elevation
