term,estimate,se,df,t,p,lo,hi,natural_unit,estimate_natural,se_natural,region
(Intercept),-0.2231275617814707,0.12528961581553374,27.01952826150604,-1.7808942930273295,0.08617688713859253,-0.48019192549266054,0.03393680192971915,,,,Honolulu
imperv_z,0.45597194757862197,0.17822334091124925,27.08825873190561,2.558430030809963,0.01641831554553094,0.09034359984127383,0.8216002953159701,per +10 pp,0.181720642534998,0.07102818538972035,Honolulu
tree_z,0.04933466436935504,0.1211740237172058,26.878146977667804,0.40713894658224414,0.6871302479443571,-0.19934664717331513,0.2980159759120252,per +10 pp,0.043244071062525834,0.1062145280512738,Honolulu
bldg_z,-0.5193044301244342,0.22046527145688147,26.883342369038186,-2.355493120039995,0.02605088609394366,-0.9717536685376037,-0.06685519171126464,per +10 pp,-0.4499645261525042,0.19102773950996046,Honolulu
water_z,0.034853643749078886,0.10695418661886062,26.91510166032697,0.32587451553703545,0.7470394295892293,-0.18463061430065503,0.2543379017988128,per +10 pp,0.03967045100747086,0.12173535859990357,Honolulu
height_z,-0.11194280504677825,0.1440756681509587,26.880764341459926,-0.776972312420495,0.4439591958154001,-0.4076230260241738,0.1837374159306173,per +1 m,-0.02268429523185905,0.02919575751829671,Honolulu
svf_point_z,-0.017301628554051908,0.0871565135843031,26.87331394828139,-0.19851216899947147,0.8441385381780171,-0.1961714778604504,0.1615682207523466,per -0.1,0.006813904813267498,0.034324872110412734,Honolulu
aspect_z,0.3672021379594073,0.1954752838290735,26.859501564645864,1.8785092967584298,0.07120667523610744,-0.033978205302198916,0.7683824812210136,per +0.1,0.10958035155868491,0.05833367540303241,Honolulu
coast_km_z,-0.5873709473001686,0.16727505836536444,26.97034379135932,-3.511407815606467,0.0015879903928372908,-0.9306086764783186,-0.2441332181220186,per +1 km,-0.5295528155039737,0.150809260362859,Honolulu
