term,estimate,se,df,t,p,lo,hi,natural_unit,estimate_natural,se_natural
(Intercept),0.23073921692989297,0.11950943589906936,67.90811200015979,1.9307196556827675,0.05769408455511683,-0.007743992469887773,0.4692224263296737,,,
regionHonolulu,-0.33824613539071813,0.17730976947436902,64.87463180582097,-1.9076565064262476,0.060863822710107686,-0.6923711708515587,0.015878900070122437,,,
imperv_z,0.40336456167714974,0.1170534310799346,65.74711939634155,3.445986657167667,9.96140444891969e-4,0.16964306687906947,0.63708605647523,per +10 pp,0.16075477386946183,0.04664985383361575
tree_z,-0.1429952891840594,0.07501760314421417,65.18760916922491,-1.906156464492269,0.06104028045127875,-0.2928076145029611,0.0068170361348423025,per +10 pp,-0.1253418570112538,0.0657563318364006
bldg_z,-0.2544902616015346,0.13976232591908744,65.19762932862812,-1.8208788378984662,0.07321440626704909,-0.5335988619109002,0.02461833870783109,per +10 pp,-0.22050955726397795,0.12110062057642176
water_z,0.11097425543106283,0.08609158523378155,62.18390753067935,1.2890255781643751,0.202163850942939,-0.061110247525804254,0.28305875838792993,per +10 pp,0.12631100480806637,0.09798952553597763
height_z,0.2768825210684332,0.10669047912168793,63.4188481185461,2.5951942792630014,0.011731342907803954,0.06370616484066866,0.49005887729619774,per +1 m,0.05610798165932271,0.021619954277664555
svf_point_z,-0.030974456790743586,0.07555184542079818,62.10404949201639,-0.4099761775271849,0.6832342477928863,-0.18199541073617906,0.12004649715469187,per -0.1,0.012198678266351171,0.029754602669669252
aspect_z,-0.08127659285935046,0.1446870547720239,63.192621739736914,-0.5617405993052653,0.576279752460273,-0.37039335337105417,0.20784016765235325,per +0.1,-0.024254536393805745,0.043177467364478604
coast_km_z,-0.19639209988551978,0.07963086255248171,66.75451439537348,-2.46628120794353,0.016227359441726683,-0.3553467118007246,-0.03743748797031499,per +1 km,-0.1770601523877665,0.07179236164046572
