region,night_date,sd_dT,wind,cloud,n,selected,frac_calm_clear
Ewa,2024-11-15,0.3283068455576596,21.37928825,9.291666666666666,38,FALSE,0
Ewa,2024-11-16,0.2707787953554628,21.944707791666666,6.458333333333333,38,FALSE,0
Ewa,2024-11-17,0.4465841293053038,22.69672879166667,10.958333333333334,38,FALSE,0
Ewa,2024-11-18,0.5707052893179304,17.153362041666668,8.708333333333334,38,FALSE,0
Ewa,2024-11-19,0.4629434006872276,14.210628,10.958333333333334,38,FALSE,0.041666666666666664
Ewa,2024-11-20,0.8585206299999669,11.6451584,4.75,38,FALSE,0.2916666666666667
Ewa,2024-11-21,1.397417880258866,10.021427041666666,51.833333333333336,38,FALSE,0.16666666666666666
Ewa,2024-11-22,1.0126819227226163,6.628433504166667,95.79166666666667,38,FALSE,0
Ewa,2024-11-23,2.055689234154677,5.6935514666666664,27.333333333333332,38,FALSE,0.5416666666666666
Ewa,2024-11-24,0.5103856133384238,3.6871474666666666,39.666666666666664,38,FALSE,0.3333333333333333
Ewa,2024-11-25,0.966365239463908,6.1163025125,11.541666666666666,38,TRUE,0.75
Ewa,2024-11-26,0.60313816601707,4.6342386625,24.125,38,FALSE,0.5833333333333334
Ewa,2024-11-27,0.5158346093319497,10.749716695833333,20.791666666666668,38,FALSE,0.25
Ewa,2024-11-28,0.40817259757981855,10.7066266,19.833333333333332,38,FALSE,0.3333333333333333
Ewa,2024-11-29,0.635304493534476,10.193805029166667,93.5,38,FALSE,0
Ewa,2024-11-30,0.7894900912778681,8.17439065,11.416666666666666,38,FALSE,0.625
Ewa,2024-12-01,0.9024225604735193,1.8855149741666666,16.291666666666668,38,TRUE,0.75
Ewa,2024-12-02,0.8995803419743379,2.4703061733333334,32.083333333333336,38,FALSE,0.625
Ewa,2024-12-03,0.6702985812971661,4.045412441666667,46.083333333333336,38,FALSE,0.3333333333333333
Ewa,2024-12-04,0.7932105140226453,5.40585695,29.666666666666668,38,FALSE,0.375
Ewa,2024-12-05,0.39825881524748064,4.168129645833333,88,38,FALSE,0
Ewa,2024-12-06,0.6664113206432067,7.775367441666667,18.25,38,FALSE,0.625
Ewa,2024-12-07,0.6522097451650054,6.4875046916666665,41.416666666666664,38,FALSE,0.4166666666666667
Ewa,2024-12-08,0.6094440017133369,10.969320516666667,6.291666666666667,38,FALSE,0.2916666666666667
Ewa,2024-12-09,0.4100386137488688,15.658058083333334,6.458333333333333,38,FALSE,0
Ewa,2024-12-10,0.34581565459364016,20.219182041666667,8.083333333333334,38,FALSE,0
Ewa,2024-12-11,0.31454444861913294,22.93593733333333,15.333333333333334,38,FALSE,0
Ewa,2024-12-12,0.40871109898444713,17.987885041666665,19.291666666666668,38,FALSE,0
Ewa,2024-12-13,0.5338607712326658,15.739758416666668,6.625,38,FALSE,0
Ewa,2024-12-14,0.39933716486237447,15.810128125,63.583333333333336,38,FALSE,0
Ewa,2024-12-15,0.6293564124104204,10.253488058333334,13.625,38,FALSE,0.16666666666666666
Ewa,2024-12-16,0.7852261214224007,4.536579766666667,36.416666666666664,38,FALSE,0.375
Ewa,2024-12-17,0.7105054034135435,3.2600026125,25.625,38,FALSE,0.5416666666666666
Ewa,2024-12-18,0.6781915267414517,4.227957995833333,35.666666666666664,38,FALSE,0.20833333333333334
Ewa,2024-12-19,0.42569764158511625,5.360817858333333,47.375,38,FALSE,0.3333333333333333
Ewa,2024-12-20,0.8618167469751792,4.06484205,31.958333333333332,38,FALSE,0.4166666666666667
Ewa,2024-12-21,0.8769175082911719,2.69098715,9.791666666666666,38,TRUE,0.875
Ewa,2024-12-22,0.5518711828855142,9.622199441666666,7.833333333333333,38,FALSE,0.7083333333333334
Ewa,2024-12-23,0.4449192198467948,17.629796583333334,1.6666666666666667,38,FALSE,0
Ewa,2024-12-24,0.7126201049063906,10.950555695833334,8.041666666666666,38,FALSE,0.375
Ewa,2024-12-25,0.6622325149266777,2.6112218825,15.416666666666666,38,TRUE,0.75
Ewa,2024-12-26,0.6294108397941015,3.0433176916666667,16.583333333333332,38,FALSE,0.7083333333333334
Honolulu,2024-11-24,1.7361135713737765,4.2521447125,46.583333333333336,34,FALSE,0.08333333333333333
Honolulu,2024-11-25,1.1909758086080888,7.073455320833333,38,34,FALSE,0.25
Honolulu,2024-11-26,0.856622960614455,8.6340734125,41.125,34,FALSE,0.041666666666666664
Honolulu,2024-11-27,0.8892475386072448,15.837780333333335,35.083333333333336,34,FALSE,0
Honolulu,2024-11-28,0.8754228731931695,10.7805753375,27.541666666666668,34,FALSE,0.2916666666666667
Honolulu,2024-11-29,1.1482176572330145,8.748926083333334,95.45833333333333,34,FALSE,0
Honolulu,2024-11-30,1.0795390890709826,6.923625725,14.75,34,TRUE,0.75
Honolulu,2024-12-01,0.6403563962297429,1.70763501625,5.208333333333333,35,TRUE,0.9166666666666666
Honolulu,2024-12-02,0.7598183152946737,2.3059766666666666,22.541666666666668,35,FALSE,0.7083333333333334
Honolulu,2024-12-03,0.5560303076608909,0.6348773075,27.375,35,FALSE,0.7083333333333334
Honolulu,2024-12-04,0.5545639200818807,5.231596729166666,41.041666666666664,35,FALSE,0.5
Honolulu,2024-12-05,0.4409648586510336,3.012341316666667,86.20833333333333,35,FALSE,0
Honolulu,2024-12-06,0.5454959603364147,7.268948505833333,14.208333333333334,35,FALSE,0.5833333333333334
Honolulu,2024-12-07,0.6388329361827635,5.9895923458333336,20.25,35,TRUE,0.7916666666666666
Honolulu,2024-12-08,0.4464174105747733,13.046596541666666,22.833333333333332,36,FALSE,0
Honolulu,2024-12-09,0.30968679034955365,17.524199208333332,17.333333333333332,36,FALSE,0
Honolulu,2024-12-10,0.240226233690608,22.234375875,19.708333333333332,36,FALSE,0
Honolulu,2024-12-11,0.2303198106126765,26.002714791666666,39.625,36,FALSE,0
Honolulu,2024-12-12,0.2555152160945884,19.976119625,52.875,36,FALSE,0
Honolulu,2024-12-13,0.31789395219533845,17.118382666666665,29.041666666666668,36,FALSE,0
Honolulu,2024-12-14,0.3377377767308963,18.365333291666666,74.125,36,FALSE,0
Honolulu,2024-12-15,0.5069788427392501,10.220480491666667,5.666666666666667,36,FALSE,0.4583333333333333
Honolulu,2024-12-16,0.7732095618152842,3.2042566791666665,6.958333333333333,36,TRUE,0.9166666666666666
Honolulu,2024-12-17,0.7097916456771614,3.5326482625,12.083333333333334,36,FALSE,0.7083333333333334
Honolulu,2024-12-18,0.5093006193935242,2.6626846791666665,45.875,36,FALSE,0.4166666666666667
Honolulu,2024-12-19,0.44378826809182725,4.561297283333333,41.875,36,FALSE,0.5
Honolulu,2024-12-20,0.6373584389493095,3.1020223666666666,49.041666666666664,36,FALSE,0.3333333333333333
Honolulu,2024-12-21,0.8228852193274651,3.3775978091666667,5.291666666666667,36,TRUE,1
Honolulu,2024-12-22,0.3667462297937107,14.59020275,16.791666666666668,36,FALSE,0
Honolulu,2024-12-23,0.33701809179394,18.097723766666668,7.5,36,FALSE,0.041666666666666664
Honolulu,2024-12-24,0.5316311876480343,8.718836625,4.458333333333333,36,FALSE,0.625
Honolulu,2024-12-25,0.5952075885039592,4.2132980625,22.25,36,FALSE,0.7083333333333334
Honolulu,2024-12-26,0.5920602718586959,1.6095112708333335,8,36,TRUE,0.9166666666666666
Honolulu,2024-12-27,0.4098801442695733,10.081540654166666,22.291666666666668,36,FALSE,0.25
Honolulu,2024-12-28,0.30221625627600607,15.334319541666666,40.958333333333336,36,FALSE,0
Honolulu,2024-12-29,0.48183643018317374,12.4807438125,29.458333333333332,36,FALSE,0
Honolulu,2024-12-30,0.2828624946066615,19.304144375,27.708333333333332,36,FALSE,0
Honolulu,2024-12-31,0.3903837438403474,15.209808208333333,37.416666666666664,36,FALSE,0
Honolulu,2025-01-01,0.3460421414950442,15.921781000000001,29.458333333333332,36,FALSE,0
Honolulu,2025-01-02,0.6685765434560212,5.660697466666667,40.5,36,FALSE,0.5
Honolulu,2025-01-03,0.7691810699707838,3.27522905,7.458333333333333,36,TRUE,0.9583333333333334
Honolulu,2025-01-04,0.7533741952865269,6.328756366666667,64.08333333333333,36,FALSE,0.16666666666666666
