region,radius_m,predictor,mean,sd,min,median,max
Ewa,50,imperv,54.403025444556896,27.44345435676678,0,59.66459295760122,99.26029843132254
Ewa,50,tree,10.862682962065755,13.022129680654203,0,5.315827209293785,50.67007019783025
Ewa,50,bldg,10.387021373686427,10.59684607875598,0,8.149399817682552,33.572816767697645
Ewa,50,water,0.011076799140708917,0.06828197573106076,0,0,0.4209183673469388
Ewa,50,height,3.495997334887831,3.0340574082499816,0,3.878144838402841,12.876831617437407
Ewa,50,svf_point,0.9620630047601976,0.15474586855773098,0.04313300859211237,0.9959270805058513,0.9999903756597128
Ewa,50,aspect,0.16112195777236127,0.15860287138491902,0,0.12421578529942157,0.5484413881601324
Ewa,50,coast_km,2.570491220960579,1.2160207974003239,0.16486715292137943,3.0389118668359782,4.7552250800829485
Ewa,100,imperv,52.97696078544589,23.0311066606783,5.709728867623604,57.448254819157114,98.97627248373516
Ewa,100,tree,9.891921867692092,10.789743641710597,0,5.347869746673778,40.75456053067993
Ewa,100,bldg,12.265719240539857,10.355339307166469,0,11.098677882699803,42.55236893487297
Ewa,100,water,0.4509767385644285,2.7800073222198423,0,0,17.137116065448282
Ewa,100,height,4.6875083009785,2.4986589192103437,0,4.604044235308111,13.043393802003814
Ewa,100,svf_point,0.9620630047601976,0.15474586855773098,0.04313300859211237,0.9959270805058513,0.9999903756597128
Ewa,100,aspect,0.17540379950912752,0.13320154849079796,0,0.16443940004935226,0.5005276988183727
Ewa,100,coast_km,2.570491220960579,1.2160207974003239,0.16486715292137943,3.0389118668359782,4.7552250800829485
Ewa,200,imperv,50.31630122791704,20.73815352568989,3.4400306063890835,52.78776259506643,95.0559128986235
Ewa,200,tree,8.728665808019525,7.297421252362066,0,7.51135678569461,27.77830918105441
Ewa,200,bldg,13.780026963769602,8.881836549950458,0.15750903455680787,14.094768432923182,37.331246160248504
Ewa,200,water,0.7775803153548447,2.6475695836869235,0,0,12.341782241351826
Ewa,200,height,5.168468963607932,1.6474450518657455,3.208804422421802,4.844980663333313,11.605005146843864
Ewa,200,svf_point,0.9620630047601976,0.15474586855773098,0.04313300859211237,0.9959270805058513,0.9999903756597128
Ewa,200,aspect,0.18427828867254392,0.11654614510518825,0.01469946004323789,0.18306651908092192,0.42486203456795246
Ewa,200,coast_km,2.570491220960579,1.2160207974003239,0.16486715292137943,3.0389118668359782,4.7552250800829485
Honolulu,50,imperv,59.548352539015056,30.18887742877021,1.4788373278939315,63.375978308680956,99.73217701823746
Honolulu,50,tree,14.689370879494907,18.790389078929707,0,10.61194503628817,76.56070471083876
Honolulu,50,bldg,15.194561716296715,11.964371335367632,0,14.97812774968859,49.60359755244925
Honolulu,50,water,3.7969517922907636,9.563580019045965,0,0,37.13666496685365
Honolulu,50,height,8.077177323725044,6.376616846463446,0,5.3604767355273575,24.346383136858787
Honolulu,50,svf_point,0.843773830016041,0.2920357169884067,0.013843974245485,0.970055140832975,0.9995207675967877
Honolulu,50,aspect,0.40909558290876114,0.34951764801731067,0,0.33598854006374257,1.3425504734990927
Honolulu,50,coast_km,1.328195368743008,0.7209530491624344,0.13970573432459538,1.3647814499298654,2.67234598521144
Honolulu,100,imperv,62.55809088277713,26.12867688402727,1.3195219123505977,73.95011353380161,97.65936413788704
Honolulu,100,tree,11.861703839358112,11.909313561978061,0,9.030470808504518,52.25656237042707
Honolulu,100,bldg,20.37292689152713,11.257315631762873,0,20.86141000501588,41.18693593192288
Honolulu,100,water,3.9929217070741,10.784383531826183,0,0,41.99738612093972
Honolulu,100,height,8.931263473347013,5.380426924718009,0,6.811881936090716,20.83481159693637
Honolulu,100,svf_point,0.843773830016041,0.2920357169884067,0.013843974245485,0.970055140832975,0.9995207675967877
Honolulu,100,aspect,0.452799423607336,0.3773655188537589,0,0.3838709779133065,1.9703957567516703
Honolulu,100,coast_km,1.328195368743008,0.7209530491624344,0.13970573432459538,1.3647814499298654,2.67234598521144
Honolulu,200,imperv,67.08625722861154,21.04605292876569,19.14159327302435,76.45498963203323,96.1691443146945
Honolulu,200,tree,10.212052393648943,8.708818538340319,1.2456267582623388,8.584886259116889,39.64166447489021
Honolulu,200,bldg,23.21540094328976,9.702386313628876,4.514656962816524,25.662733832651483,43.70472756646804
Honolulu,200,water,2.674283526152693,6.607513300945079,0,0,25.513701359774274
Honolulu,200,height,10.727267692252253,5.065710568635699,4.0758619294904275,9.14782093785193,22.543800198401662
Honolulu,200,svf_point,0.843773830016041,0.2920357169884067,0.013843974245485,0.970055140832975,0.9995207675967877
Honolulu,200,aspect,0.5110017115844833,0.2911197521874318,0.06697911451820358,0.4619457912227404,1.3716654729643092
Honolulu,200,coast_km,1.328195368743008,0.7209530491624344,0.13970573432459538,1.3647814499298654,2.67234598521144
