region,radius_m,predictor,beta_z,se,lrt_p,r2m,aic
Honolulu,50,imperv,0.2753983285440625,0.10906772375383142,0.015299706033933711,0.12296282467458963,302.55462674241886
Honolulu,50,tree,-0.20358514072675132,0.11310337759769415,0.0779393796898744,0.06712489286303197,305.32889428676197
Honolulu,50,bldg,0.10889741382359908,0.11860911272573782,0.3612273587192819,0.019180650457450377,307.60262875235105
Honolulu,50,water,0.025108421787683716,0.1205689459783149,0.8350798324654695,0.0010200647321729009,308.39290697305273
Honolulu,50,height,0.2021612846098284,0.11576915644565297,0.0870987503546709,0.06607742119188836,305.50905638091496
Honolulu,50,svf_point,-0.0077976708028547476,0.12054988436800738,0.9484265423487531,9.838574980524398e-5,308.4320666000838
Honolulu,50,aspect,0.17070811514584996,0.11687457952351993,0.14988308739646916,0.047123094471879144,306.36281015800375
Honolulu,50,coast_km,-0.40553242843904574,0.0980515313323501,1.805182683026417e-4,0.26678865098807303,294.4125227353003
Ewa,50,imperv,0.39696672713227005,0.07567592445468785,5.373883698993539e-6,0.21819972543162292,346.4368083927833
Ewa,50,tree,-0.173800980310634,0.09528294875977741,0.07411334687720984,0.04187498421967831,363.9465093411484
Ewa,50,bldg,0.234406856645688,0.09180301596332831,0.014167725123905605,0.07615402217130883,361.11887166676524
Ewa,50,water,-0.10504456197831824,0.09789472772861132,0.28685855148826594,0.015299361552888656,366.0016877594113
Ewa,50,height,0.2910836147816006,0.08743012888595282,0.0018164825076713365,0.11740046775683607,357.4096789545318
Ewa,50,svf_point,-0.2089578528867582,0.0934062053052474,0.03013875524250575,0.060522144810096004,362.4346343070799
Ewa,50,aspect,0.15831504448934272,0.09599055063589033,0.10504878542291314,0.03474681155194443,364.50882432024076
Ewa,50,coast_km,-0.020359668939725965,0.09931186882377621,0.8376105971852053,5.747905984792891e-4,367.093989746542
Honolulu,100,imperv,0.19267820793725238,0.11511139551622887,0.10030467785771066,0.060051059683758984,305.7355580847896
Honolulu,100,tree,-0.15915082055152216,0.11724522071318118,0.17997325105118475,0.04096053806986184,306.63840553898115
Honolulu,100,bldg,0.03206538348620869,0.12059661357043024,0.7904204581517458,0.001663631199955987,308.3656196101048
Honolulu,100,water,0.023463878957596076,0.1205974238634017,0.845771888614963,8.908220863453969e-4,308.39841400279334
Honolulu,100,height,0.19612818663734363,0.11614197702515612,0.09765700043094472,0.06220754547121033,305.69285400226676
Honolulu,100,svf_point,-0.0077976708028547476,0.12054988436800738,0.9484265423487531,9.838574980524398e-5,308.4320666000838
Honolulu,100,aspect,0.20188028738928404,0.11585765735499608,0.08778130214820476,0.06589697079372529,305.5216527856157
Honolulu,100,coast_km,-0.40553242843904574,0.0980515313323501,1.805182683026417e-4,0.26678865098807303,294.4125227353003
Ewa,100,imperv,0.3527622139965275,0.08123415339041011,9.110520620920808e-5,0.17236188800562371,351.8233615497901
Ewa,100,tree,-0.17636086400459106,0.09515908555534892,0.06977328097777523,0.04311725435969217,363.84764868601604
Ewa,100,bldg,0.2530411987555309,0.09049176531144905,0.007663465127251539,0.08873577313122542,360.0255160703201
Ewa,100,water,-0.10504456197831824,0.09789472772861132,0.28685855148826594,0.015299361552888656,366.0016877594113
Ewa,100,height,0.3633577503813832,0.07999570012618845,4.916048177574661e-5,0.18285883654166726,350.6557823739882
Ewa,100,svf_point,-0.2089578528867582,0.0934062053052474,0.03013875524250575,0.060522144810096004,362.4346343070799
Ewa,100,aspect,0.1143228578775939,0.0976207750484232,0.245753054063341,0.018121086815379276,365.7887080532253
Ewa,100,coast_km,-0.020359668939725965,0.09931186882377621,0.8376105971852053,5.747905984792891e-4,367.093989746542
Honolulu,200,imperv,0.17494106310212354,0.11592645376135313,0.13710583534411766,0.04950155043269999,306.2261060484244
Honolulu,200,tree,-0.17879314356580958,0.11625791622196492,0.1300337737818801,0.05169565824254381,306.1441491897202
Honolulu,200,bldg,0.11373129562414833,0.11900233005240929,0.3421904471492499,0.020921184876493908,307.5340428140355
Honolulu,200,water,0.03159936427223078,0.12052105398223398,0.7932666148904227,0.0016156186096283598,308.36756919741515
Honolulu,200,height,0.13102847008789875,0.11875552215931248,0.27391109599002006,0.02777252217685439,307.2391955251818
Honolulu,200,svf_point,-0.0077976708028547476,0.12054988436800738,0.9484265423487531,9.838574980524398e-5,308.4320666000838
Honolulu,200,aspect,0.24612430508048957,0.11343076921507032,0.03542924035631834,0.09790452101925308,304.0118828957833
Honolulu,200,coast_km,-0.40553242843904574,0.0980515313323501,1.805182683026417e-4,0.26678865098807303,294.4125227353003
Ewa,200,imperv,0.33701019748956285,0.0829753993206566,2.1436373179277554e-4,0.1573280673925533,353.4351996302844
Ewa,200,tree,-0.2047001433424605,0.09365397709377056,0.03389431358043545,0.05808181590704975,362.63596731975
Ewa,200,bldg,0.274755442255397,0.0888096960018766,0.003481004173453855,0.1046076615493698,358.59952633499955
Ewa,200,water,-0.01856407627821361,0.09932112832414658,0.8517651471970767,4.778759756486075e-4,367.10107539567844
Ewa,200,height,0.3456115991663537,0.08203903687340364,1.3552738503336685e-4,0.1654525652521328,352.57267768124046
Ewa,200,svf_point,-0.2089578528867582,0.0934062053052474,0.03013875524250575,0.060522144810096004,362.4346343070799
Ewa,200,aspect,0.09647085616027588,0.09812667508333121,0.3285895048080424,0.01290402720012988,366.1815458860767
Ewa,200,coast_km,-0.020359668939725965,0.09931186882377621,0.8376105971852053,5.747905984792891e-4,367.093989746542
