check,model,term,estimate,se,p
all 74 sites,pooled full,imperv,0.16075477387291365,0.04664985391654276,9.961404664494504e-4
all 74 sites,pooled full,tree,-0.12534185702504486,0.06575633195391478,0.06104028089681622
all 74 sites,pooled full,bldg,-0.22050955723118149,0.12110062079278547,0.07321440683558206
all 74 sites,pooled full,water,0.1263110048203228,0.09798952571610427,0.20216385173906473
all 74 sites,pooled full,height,0.05610798166967609,0.021619954316942493,0.011731343049685736
all 74 sites,pooled full,svf_point,0.012198678268489997,0.029754602724412684,0.6832342482977034
all 74 sites,pooled full,aspect,-0.02425453641399118,0.043177467443078654,0.5762797528462933
all 74 sites,pooled full,coast_km,-0.17706015236854747,0.07179236176694774,0.01622735964623209
all 74 sites,pooled full,district (Honolulu),,,0.060863823172469626
all 74 sites,Honolulu full,imperv,0.18172064253486608,0.07102818539173343,0.016418315546390987
all 74 sites,Honolulu full,tree,0.04324407106256743,0.10621452805435978,0.6871302479546868
all 74 sites,Honolulu full,bldg,-0.44996452615161325,0.1910277395154202,0.026050886061372815
all 74 sites,Honolulu full,water,0.03967045100763278,0.12173535860342535,0.747039429603028
all 74 sites,Honolulu full,height,-0.022684295231921375,0.02919575751914395,0.4439591958253093
all 74 sites,Honolulu full,svf_point,0.006813904813047207,0.03432487211141572,0.8441385381875278
all 74 sites,Honolulu full,aspect,0.10958035155868483,0.058333675404714444,0.07120667520917802
all 74 sites,Honolulu full,coast_km,-0.5295528155042599,0.1508092603672219,0.0015879903951355923
all 74 sites,Honolulu best subset,imperv,0.09530014095356865,0.03670083404472167,0.013952053090236288
all 74 sites,Honolulu best subset,coast_km,-0.6152665974715369,0.13305366815110686,5.5502489255411946e-5
all 74 sites,Ewa full,imperv,0.12985546040766294,0.04842739720086154,0.011968612449396792
all 74 sites,Ewa full,tree,-0.1249465757948404,0.06761108863997331,0.07482209545400445
all 74 sites,Ewa full,bldg,0.07701688496981247,0.15500512242958805,0.6230289445410399
all 74 sites,Ewa full,water,-0.22205280900839933,0.2521532477119603,0.3857601808683868
all 74 sites,Ewa full,height,0.12455045827618218,0.03073373666554833,3.4678513438880825e-4
all 74 sites,Ewa full,svf_point,0.03219039689227495,0.047317597619052354,0.5017069286224471
all 74 sites,Ewa full,aspect,-0.1891794585652408,0.09216743340441354,0.04923652459527157
all 74 sites,Ewa full,coast_km,-0.0452055462589718,0.06995729426602744,0.5232389771703734
all 74 sites,Ewa best subset,imperv,0.1662689803085422,0.036128279554055315,5.5990862969800685e-5
all 74 sites,Ewa best subset,height,0.13137029217994398,0.029230177123578345,7.694423254634852e-5
all 74 sites,Ewa best subset,aspect,-0.17310272761066497,0.0636888167408812,0.010262017942943447
without HNL08,pooled full,imperv,0.15867932716232502,0.04327213270843454,5.0043480407909e-4
without HNL08,pooled full,tree,-0.14260625125832416,0.06120439745785405,0.02299544740884115
without HNL08,pooled full,bldg,-0.21148436507428506,0.11233712981103798,0.06433697832465077
without HNL08,pooled full,water,0.1337806020738951,0.09079362753446561,0.14582631282643752
without HNL08,pooled full,height,0.05117936197655324,0.020084770357656358,0.013336888999472286
without HNL08,pooled full,svf_point,0.01388197680637969,0.02756453245727867,0.616367339474017
without HNL08,pooled full,aspect,-0.011702312440183306,0.04017358499882608,0.7718092116927386
without HNL08,pooled full,coast_km,-0.17617164045192046,0.0666131079895217,0.010233596271500566
without HNL08,pooled full,district (Honolulu),,,0.016795040117072533
without HNL08,Honolulu full,imperv,0.17695049283886485,0.059259075510186894,0.006078498175716999
without HNL08,Honolulu full,tree,0.013434663762746206,0.08896055314368789,0.8811342438515231
without HNL08,Honolulu full,bldg,-0.4155707889542965,0.15958455815403988,0.015066207987772794
without HNL08,Honolulu full,water,0.050546889234038314,0.10156536985805038,0.6229133006095835
without HNL08,Honolulu full,height,-0.025956781818108055,0.024363529877530297,0.29655082453558557
without HNL08,Honolulu full,svf_point,0.007608487003077589,0.028623948952262748,0.7924966182078289
without HNL08,Honolulu full,aspect,0.11600782279866506,0.04867603424858245,0.02480954453758799
without HNL08,Honolulu full,coast_km,-0.5289973466622286,0.12577290079100373,2.738304406242411e-4
without HNL08,Honolulu best subset,imperv,0.1089219960660955,0.031930998520177264,0.0017704145259091015
without HNL08,Honolulu best subset,coast_km,-0.6217372640815686,0.11491250680685128,6.011949492783762e-6
without HNL08,Ewa full,imperv,0.12985546040766294,0.04842739720086154,0.011968612449396792
without HNL08,Ewa full,tree,-0.1249465757948404,0.06761108863997331,0.07482209545400445
without HNL08,Ewa full,bldg,0.07701688496981247,0.15500512242958805,0.6230289445410399
without HNL08,Ewa full,water,-0.22205280900839933,0.2521532477119603,0.3857601808683868
without HNL08,Ewa full,height,0.12455045827618218,0.03073373666554833,3.4678513438880825e-4
without HNL08,Ewa full,svf_point,0.03219039689227495,0.047317597619052354,0.5017069286224471
without HNL08,Ewa full,aspect,-0.1891794585652408,0.09216743340441354,0.04923652459527157
without HNL08,Ewa full,coast_km,-0.0452055462589718,0.06995729426602744,0.5232389771703734
without HNL08,Ewa best subset,imperv,0.1662689803085422,0.036128279554055315,5.5990862969800685e-5
without HNL08,Ewa best subset,height,0.13137029217994398,0.029230177123578345,7.694423254634852e-5
without HNL08,Ewa best subset,aspect,-0.17310272761066497,0.0636888167408812,0.010262017942943447
