hour_dec,network_median_temp,region,night_date
0,21,Honolulu,2024-12-01
0.5,21,Honolulu,2024-12-01
1,20.875,Honolulu,2024-12-01
1.5,20.875,Honolulu,2024-12-01
2,20.875,Honolulu,2024-12-01
2.5,20.5,Honolulu,2024-12-01
3,21.25,Honolulu,2024-12-01
3.5,21.25,Honolulu,2024-12-01
4,20.75,Honolulu,2024-12-01
4.5,20.5,Honolulu,2024-12-01
5,20.25,Honolulu,2024-12-01
5.5,20.25,Honolulu,2024-12-01
6,20,Honolulu,2024-12-01
6.5,19.625,Honolulu,2024-12-01
7,19.5,Honolulu,2024-12-01
7.5,20.25,Honolulu,2024-12-01
8,21.875,Honolulu,2024-12-01
8.5,24,Honolulu,2024-12-01
9,25.75,Honolulu,2024-12-01
9.5,26.625,Honolulu,2024-12-01
10,27.125,Honolulu,2024-12-01
10.5,28,Honolulu,2024-12-01
11,28.875,Honolulu,2024-12-01
11.5,30.25,Honolulu,2024-12-01
12,30.125,Honolulu,2024-12-01
12.5,30.25,Honolulu,2024-12-01
13,30.375,Honolulu,2024-12-01
13.5,30.375,Honolulu,2024-12-01
14,30.875,Honolulu,2024-12-01
14.5,29.875,Honolulu,2024-12-01
15,28.75,Honolulu,2024-12-01
15.5,28.375,Honolulu,2024-12-01
16,28.375,Honolulu,2024-12-01
16.5,28,Honolulu,2024-12-01
17,26.25,Honolulu,2024-12-01
17.5,25.25,Honolulu,2024-12-01
18,24.75,Honolulu,2024-12-01
18.5,24.375,Honolulu,2024-12-01
19,23.75,Honolulu,2024-12-01
19.5,23.375,Honolulu,2024-12-01
20,22.875,Honolulu,2024-12-01
20.5,22.375,Honolulu,2024-12-01
21,22,Honolulu,2024-12-01
21.5,22,Honolulu,2024-12-01
22,21.75,Honolulu,2024-12-01
22.5,21.5,Honolulu,2024-12-01
23,21.25,Honolulu,2024-12-01
23.5,21.375,Honolulu,2024-12-01
0,19.5625,Ewa,2024-12-01
0.5,19.125,Ewa,2024-12-01
1,18.8125,Ewa,2024-12-01
1.5,18.75,Ewa,2024-12-01
2,18.625,Ewa,2024-12-01
2.5,18.625,Ewa,2024-12-01
3,18.4375,Ewa,2024-12-01
3.5,18.125,Ewa,2024-12-01
4,17.875,Ewa,2024-12-01
4.5,17.75,Ewa,2024-12-01
5,17.8125,Ewa,2024-12-01
5.5,17.9375,Ewa,2024-12-01
6,18.0625,Ewa,2024-12-01
6.5,17.875,Ewa,2024-12-01
7,17.625,Ewa,2024-12-01
7.5,19.0625,Ewa,2024-12-01
8,22.375,Ewa,2024-12-01
8.5,25.25,Ewa,2024-12-01
9,27.75,Ewa,2024-12-01
9.5,28.9375,Ewa,2024-12-01
10,30.0625,Ewa,2024-12-01
10.5,31.1875,Ewa,2024-12-01
11,29.3125,Ewa,2024-12-01
11.5,30,Ewa,2024-12-01
12,30.625,Ewa,2024-12-01
12.5,31,Ewa,2024-12-01
13,31.375,Ewa,2024-12-01
13.5,31,Ewa,2024-12-01
14,31,Ewa,2024-12-01
14.5,31.25,Ewa,2024-12-01
15,30.4375,Ewa,2024-12-01
15.5,30.75,Ewa,2024-12-01
16,30.375,Ewa,2024-12-01
16.5,28.8125,Ewa,2024-12-01
17,27.875,Ewa,2024-12-01
17.5,25.6875,Ewa,2024-12-01
18,24.625,Ewa,2024-12-01
18.5,23.625,Ewa,2024-12-01
19,23.1875,Ewa,2024-12-01
19.5,22.625,Ewa,2024-12-01
20,21.75,Ewa,2024-12-01
20.5,21.375,Ewa,2024-12-01
21,21.125,Ewa,2024-12-01
21.5,20.75,Ewa,2024-12-01
22,20.5625,Ewa,2024-12-01
22.5,20.25,Ewa,2024-12-01
23,20.125,Ewa,2024-12-01
23.5,19.875,Ewa,2024-12-01
0,21.625,Honolulu,2024-12-21
0.5,21.5625,Honolulu,2024-12-21
1,21.1875,Honolulu,2024-12-21
1.5,21.0625,Honolulu,2024-12-21
2,20.875,Honolulu,2024-12-21
2.5,20.625,Honolulu,2024-12-21
3,20.375,Honolulu,2024-12-21
3.5,20.25,Honolulu,2024-12-21
4,20.3125,Honolulu,2024-12-21
4.5,20.375,Honolulu,2024-12-21
5,20,Honolulu,2024-12-21
5.5,19.75,Honolulu,2024-12-21
6,19.9375,Honolulu,2024-12-21
6.5,19.75,Honolulu,2024-12-21
7,19.75,Honolulu,2024-12-21
7.5,20,Honolulu,2024-12-21
8,21.75,Honolulu,2024-12-21
8.5,23.3125,Honolulu,2024-12-21
9,25.1875,Honolulu,2024-12-21
9.5,27.5,Honolulu,2024-12-21
10,28.875,Honolulu,2024-12-21
10.5,29.1875,Honolulu,2024-12-21
11,29.4375,Honolulu,2024-12-21
11.5,31,Honolulu,2024-12-21
12,31.5625,Honolulu,2024-12-21
12.5,30.125,Honolulu,2024-12-21
13,29.1875,Honolulu,2024-12-21
13.5,29.75,Honolulu,2024-12-21
14,31.375,Honolulu,2024-12-21
14.5,30.8125,Honolulu,2024-12-21
15,30.25,Honolulu,2024-12-21
15.5,29.6875,Honolulu,2024-12-21
16,29.5625,Honolulu,2024-12-21
16.5,29.3125,Honolulu,2024-12-21
17,27.75,Honolulu,2024-12-21
17.5,26.5625,Honolulu,2024-12-21
18,25.75,Honolulu,2024-12-21
18.5,25.25,Honolulu,2024-12-21
19,24.5625,Honolulu,2024-12-21
19.5,24.125,Honolulu,2024-12-21
20,23.625,Honolulu,2024-12-21
20.5,23.375,Honolulu,2024-12-21
21,23.0625,Honolulu,2024-12-21
21.5,22.625,Honolulu,2024-12-21
22,22.25,Honolulu,2024-12-21
22.5,22,Honolulu,2024-12-21
23,21.75,Honolulu,2024-12-21
23.5,21.75,Honolulu,2024-12-21
0,20.375,Ewa,2024-12-21
0.5,20.1875,Ewa,2024-12-21
1,19.8125,Ewa,2024-12-21
1.5,19.625,Ewa,2024-12-21
2,19.375,Ewa,2024-12-21
2.5,19.125,Ewa,2024-12-21
3,19.375,Ewa,2024-12-21
3.5,19.4375,Ewa,2024-12-21
4,19.3125,Ewa,2024-12-21
4.5,19,Ewa,2024-12-21
5,18.75,Ewa,2024-12-21
5.5,18.375,Ewa,2024-12-21
6,18.5,Ewa,2024-12-21
6.5,18.4375,Ewa,2024-12-21
7,18.125,Ewa,2024-12-21
7.5,18.875,Ewa,2024-12-21
8,21.25,Ewa,2024-12-21
8.5,24.125,Ewa,2024-12-21
9,26.625,Ewa,2024-12-21
9.5,28.3125,Ewa,2024-12-21
10,29.8125,Ewa,2024-12-21
10.5,31.375,Ewa,2024-12-21
11,31.875,Ewa,2024-12-21
11.5,31.25,Ewa,2024-12-21
12,31.25,Ewa,2024-12-21
12.5,31.1875,Ewa,2024-12-21
13,30.8125,Ewa,2024-12-21
13.5,31.0625,Ewa,2024-12-21
14,31.1875,Ewa,2024-12-21
14.5,30.375,Ewa,2024-12-21
15,29.625,Ewa,2024-12-21
15.5,29,Ewa,2024-12-21
16,28.5625,Ewa,2024-12-21
16.5,27.5,Ewa,2024-12-21
17,26.5,Ewa,2024-12-21
17.5,25.75,Ewa,2024-12-21
18,24.8125,Ewa,2024-12-21
18.5,24.125,Ewa,2024-12-21
19,23.625,Ewa,2024-12-21
19.5,23.1875,Ewa,2024-12-21
20,22.8125,Ewa,2024-12-21
20.5,22.3125,Ewa,2024-12-21
21,22.0625,Ewa,2024-12-21
21.5,21.5,Ewa,2024-12-21
22,21.25,Ewa,2024-12-21
22.5,21,Ewa,2024-12-21
23,20.75,Ewa,2024-12-21
23.5,20.6875,Ewa,2024-12-21
