region,radius_m,step,added,aic,r2,adj_r2
Honolulu,50,0,(null),82.57732978431406,0,0
Honolulu,50,1,coast_km,70.53217348197863,0.3230400938334521,0.3031295083579655
Honolulu,50,2,imperv,62.52065943588259,0.4873904542533229,0.45632320905655466
Ewa,50,0,(null),74.33752695204022,0,0
Ewa,50,1,imperv,55.63834078480919,0.4199931849667917,0.4038818845492027
Ewa,50,2,tree,55.45645504504038,0.4523579896209629,0.42106416045644646
Honolulu,100,0,(null),82.57732978431406,0,0
Honolulu,100,1,coast_km,70.53217348197863,0.3230400938334521,0.3031295083579655
Honolulu,100,2,imperv,65.77449928178463,0.43890014960204965,0.40489409806278
Ewa,100,0,(null),74.33752695204022,0,0
Ewa,100,1,height,59.85731476601428,0.35188672730794834,0.33388358084428027
Ewa,100,2,imperv,50.83765580695374,0.5150360979645686,0.4873238749911154
Ewa,100,3,aspect,45.36640782924603,0.6015975519132779,0.5664443947291554
Ewa,100,4,tree,43.89095916291602,0.6364184948600714,0.5923480093885649
Honolulu,200,0,(null),82.57732978431406,0,0
Honolulu,200,1,coast_km,70.53217348197863,0.3230400938334521,0.3031295083579655
Honolulu,200,2,imperv,67.14781408554299,0.41708200879345886,0.3817536456900321
Ewa,200,0,(null),74.33752695204022,0,0
Ewa,200,1,height,61.774210073266445,0.31835424780486815,0.2994196435772257
Ewa,200,2,imperv,49.73812011804097,0.5288675288032598,0.5019456733063032
Ewa,200,3,aspect,47.101681127818104,0.5829826793395937,0.5461870333989696
