region,sensor_id,night_date,dT_night,dT_night_median,temp_night,ref_night,wind_night,cloud_night,n_steps,night_no,night_id,latitude,longitude
Ewa,AD1,2024-11-25,0.8515625,0.65625,23.026041666666668,22.174479166666668,6.1163025125,11.541666666666666,24,1,Ewa_1,21.349836569,-158.030100611
Ewa,AD1,2024-12-01,-1.1640625,-1.125,18.890625,20.0546875,1.8855149741666666,16.291666666666668,24,2,Ewa_2,21.349836569,-158.030100611
Ewa,AD1,2024-12-21,-1.03125,-0.875,19.838541666666668,20.869791666666668,2.69098715,9.791666666666666,24,3,Ewa_3,21.349836569,-158.030100611
Ewa,AD1,2024-12-25,-1.2786458333333333,-1.0625,21.078125,22.356770833333332,2.6112218825,15.416666666666666,24,4,Ewa_4,21.349836569,-158.030100611
Ewa,AD3,2024-11-25,-0.2630208333333333,-0.1875,21.911458333333332,22.174479166666668,6.1163025125,11.541666666666666,24,1,Ewa_1,21.334759503,-158.06916051
Ewa,AD3,2024-12-01,0.4973958333333333,0.5,20.552083333333332,20.0546875,1.8855149741666666,16.291666666666668,24,2,Ewa_2,21.334759503,-158.06916051
Ewa,AD3,2024-12-21,0.3645833333333333,0.3125,21.234375,20.869791666666668,2.69098715,9.791666666666666,24,3,Ewa_3,21.334759503,-158.06916051
Ewa,AD3,2024-12-25,0.1328125,0.125,22.489583333333332,22.356770833333332,2.6112218825,15.416666666666666,24,4,Ewa_4,21.334759503,-158.06916051
Ewa,EWA03,2024-11-25,0.6901041666666666,0.59375,22.864583333333332,22.174479166666668,6.1163025125,11.541666666666666,24,1,Ewa_1,21.345918711,-158.065482453
Ewa,EWA03,2024-12-01,0.4713541666666667,0.40625,20.526041666666668,20.0546875,1.8855149741666666,16.291666666666668,24,2,Ewa_2,21.345918711,-158.065482453
Ewa,EWA03,2024-12-21,0.13541666666666666,0.15625,21.005208333333332,20.869791666666668,2.69098715,9.791666666666666,24,3,Ewa_3,21.345918711,-158.065482453
Ewa,EWA03,2024-12-25,0.24739583333333334,0.1875,22.604166666666668,22.356770833333332,2.6112218825,15.416666666666666,24,4,Ewa_4,21.345918711,-158.065482453
Ewa,EWA04,2024-11-25,1.1328125,1,23.307291666666668,22.174479166666668,6.1163025125,11.541666666666666,24,1,Ewa_1,21.339789015,-158.037005391
Ewa,EWA04,2024-12-01,-0.08072916666666667,-0.03125,19.973958333333332,20.0546875,1.8855149741666666,16.291666666666668,24,2,Ewa_2,21.339789015,-158.037005391
Ewa,EWA04,2024-12-21,0.07291666666666667,0.125,20.942708333333332,20.869791666666668,2.69098715,9.791666666666666,24,3,Ewa_3,21.339789015,-158.037005391
Ewa,EWA04,2024-12-25,-0.0078125,0,22.348958333333332,22.356770833333332,2.6112218825,15.416666666666666,24,4,Ewa_4,21.339789015,-158.037005391
Ewa,EWA05,2024-11-25,-0.7578125,-0.78125,21.416666666666668,22.174479166666668,6.1163025125,11.541666666666666,24,1,Ewa_1,21.370368751,-158.023791244
Ewa,EWA05,2024-12-01,0.3619791666666667,0.375,20.416666666666668,20.0546875,1.8855149741666666,16.291666666666668,24,2,Ewa_2,21.370368751,-158.023791244
Ewa,EWA05,2024-12-21,0.4635416666666667,0.34375,21.333333333333332,20.869791666666668,2.69098715,9.791666666666666,24,3,Ewa_3,21.370368751,-158.023791244
Ewa,EWA05,2024-12-25,0.8463541666666666,0.96875,23.203125,22.356770833333332,2.6112218825,15.416666666666666,24,4,Ewa_4,21.370368751,-158.023791244
Ewa,EWA07,2024-11-25,-0.8151041666666666,-0.78125,21.359375,22.174479166666668,6.1163025125,11.541666666666666,24,1,Ewa_1,21.329647578,-158.070178922
Ewa,EWA07,2024-12-01,0.2109375,0.28125,20.265625,20.0546875,1.8855149741666666,16.291666666666668,24,2,Ewa_2,21.329647578,-158.070178922
Ewa,EWA07,2024-12-21,0.08333333333333333,0.0625,20.953125,20.869791666666668,2.69098715,9.791666666666666,24,3,Ewa_3,21.329647578,-158.070178922
Ewa,EWA07,2024-12-25,-0.044270833333333336,-0.03125,22.3125,22.356770833333332,2.6112218825,15.416666666666666,24,4,Ewa_4,21.329647578,-158.070178922
Ewa,EWA08,2024-11-25,-1.3567708333333333,-1.34375,20.817708333333332,22.174479166666668,6.1163025125,11.541666666666666,24,1,Ewa_1,21.372199715,-158.022486748
Ewa,EWA08,2024-12-01,-0.4036458333333333,-0.375,19.651041666666668,20.0546875,1.8855149741666666,16.291666666666668,24,2,Ewa_2,21.372199715,-158.022486748
Ewa,EWA08,2024-12-21,-0.140625,-0.1875,20.729166666666668,20.869791666666668,2.69098715,9.791666666666666,24,3,Ewa_3,21.372199715,-158.022486748
Ewa,EWA08,2024-12-25,0.3515625,0.53125,22.708333333333332,22.356770833333332,2.6112218825,15.416666666666666,24,4,Ewa_4,21.372199715,-158.022486748
Ewa,EWA09,2024-11-25,-0.7890625,-0.75,21.385416666666668,22.174479166666668,6.1163025125,11.541666666666666,24,1,Ewa_1,21.330632881,-158.069245524
Ewa,EWA09,2024-12-01,0.4661458333333333,0.46875,20.520833333333332,20.0546875,1.8855149741666666,16.291666666666668,24,2,Ewa_2,21.330632881,-158.069245524
Ewa,EWA09,2024-12-21,0.53125,0.40625,21.401041666666668,20.869791666666668,2.69098715,9.791666666666666,24,3,Ewa_3,21.330632881,-158.069245524
Ewa,EWA09,2024-12-25,0.07552083333333333,0,22.432291666666668,22.356770833333332,2.6112218825,15.416666666666666,24,4,Ewa_4,21.330632881,-158.069245524
Ewa,EWA12,2024-11-25,-1.1640625,-1.09375,21.010416666666668,22.174479166666668,6.1163025125,11.541666666666666,24,1,Ewa_1,21.369170738,-158.024983689
Ewa,EWA12,2024-12-01,-0.3203125,-0.34375,19.734375,20.0546875,1.8855149741666666,16.291666666666668,24,2,Ewa_2,21.369170738,-158.024983689
Ewa,EWA12,2024-12-21,-0.28125,-0.21875,20.588541666666668,20.869791666666668,2.69098715,9.791666666666666,24,3,Ewa_3,21.369170738,-158.024983689
Ewa,EWA12,2024-12-25,0.3984375,0.5625,22.755208333333332,22.356770833333332,2.6112218825,15.416666666666666,24,4,Ewa_4,21.369170738,-158.024983689
Ewa,EWA13,2024-11-25,0.9817708333333334,0.84375,23.15625,22.174479166666668,6.1163025125,11.541666666666666,24,1,Ewa_1,21.334712141,-158.041695508
Ewa,EWA13,2024-12-01,-1.1119791666666667,-1.3125,18.942708333333332,20.0546875,1.8855149741666666,16.291666666666668,24,2,Ewa_2,21.334712141,-158.041695508
Ewa,EWA13,2024-12-21,-0.859375,-0.875,20.010416666666668,20.869791666666668,2.69098715,9.791666666666666,24,3,Ewa_3,21.334712141,-158.041695508
Ewa,EWA13,2024-12-25,-0.9348958333333334,-1,21.421875,22.356770833333332,2.6112218825,15.416666666666666,24,4,Ewa_4,21.334712141,-158.041695508
Ewa,EWA14,2024-11-25,0.3880208333333333,0.25,22.5625,22.174479166666668,6.1163025125,11.541666666666666,24,1,Ewa_1,21.329503,-158.090353
Ewa,EWA14,2024-12-01,1.7734375,1.8125,21.828125,20.0546875,1.8855149741666666,16.291666666666668,24,2,Ewa_2,21.329503,-158.090353
Ewa,EWA14,2024-12-21,1.546875,1.5,22.416666666666668,20.869791666666668,2.69098715,9.791666666666666,24,3,Ewa_3,21.329503,-158.090353
Ewa,EWA14,2024-12-25,0.6067708333333334,0.59375,22.963541666666668,22.356770833333332,2.6112218825,15.416666666666666,24,4,Ewa_4,21.329503,-158.090353
Ewa,EWA15,2024-11-25,0.23697916666666666,0.09375,22.411458333333332,22.174479166666668,6.1163025125,11.541666666666666,24,1,Ewa_1,21.337956344,-158.038274018
Ewa,EWA15,2024-12-01,-0.2786458333333333,-0.28125,19.776041666666668,20.0546875,1.8855149741666666,16.291666666666668,24,2,Ewa_2,21.337956344,-158.038274018
Ewa,EWA15,2024-12-21,-0.3072916666666667,-0.28125,20.5625,20.869791666666668,2.69098715,9.791666666666666,24,3,Ewa_3,21.337956344,-158.038274018
Ewa,EWA15,2024-12-25,-0.5703125,-0.5,21.786458333333332,22.356770833333332,2.6112218825,15.416666666666666,24,4,Ewa_4,21.337956344,-158.038274018
Ewa,EWA16,2024-11-25,-2.0494791666666665,-2.25,20.125,22.174479166666668,6.1163025125,11.541666666666666,24,1,Ewa_1,21.334465376,-158.076492749
Ewa,EWA16,2024-12-01,-1.0338541666666667,-1.0625,19.020833333333332,20.0546875,1.8855149741666666,16.291666666666668,24,2,Ewa_2,21.334465376,-158.076492749
Ewa,EWA16,2024-12-21,-1.1614583333333333,-1.125,19.708333333333332,20.869791666666668,2.69098715,9.791666666666666,24,3,Ewa_3,21.334465376,-158.076492749
Ewa,EWA16,2024-12-25,-1.3619791666666667,-1.34375,20.994791666666668,22.356770833333332,2.6112218825,15.416666666666666,24,4,Ewa_4,21.334465376,-158.076492749
Ewa,EWA17,2024-11-25,0.7890625,0.71875,22.963541666666668,22.174479166666668,6.1163025125,11.541666666666666,24,1,Ewa_1,21.338117657,-158.060792231
Ewa,EWA17,2024-12-01,-1.2317708333333333,-1.21875,18.822916666666668,20.0546875,1.8855149741666666,16.291666666666668,24,2,Ewa_2,21.338117657,-158.060792231
Ewa,EWA17,2024-12-21,-1.0729166666666667,-1.125,19.796875,20.869791666666668,2.69098715,9.791666666666666,24,3,Ewa_3,21.338117657,-158.060792231
Ewa,EWA17,2024-12-25,-1.1276041666666667,-1.1875,21.229166666666668,22.356770833333332,2.6112218825,15.416666666666666,24,4,Ewa_4,21.338117657,-158.060792231
Ewa,EWA18,2024-11-25,-1.0859375,-1.09375,21.088541666666668,22.174479166666668,6.1163025125,11.541666666666666,24,1,Ewa_1,21.341560585,-158.024799561
Ewa,EWA18,2024-12-01,0.2838541666666667,0.25,20.338541666666668,20.0546875,1.8855149741666666,16.291666666666668,24,2,Ewa_2,21.341560585,-158.024799561
Ewa,EWA18,2024-12-21,0.484375,0.28125,21.354166666666668,20.869791666666668,2.69098715,9.791666666666666,24,3,Ewa_3,21.341560585,-158.024799561
Ewa,EWA18,2024-12-25,0.4609375,0.375,22.817708333333332,22.356770833333332,2.6112218825,15.416666666666666,24,4,Ewa_4,21.341560585,-158.024799561
Ewa,EWA19,2024-11-25,1.0026041666666667,0.96875,23.177083333333332,22.174479166666668,6.1163025125,11.541666666666666,24,1,Ewa_1,21.340979836,-158.042379912
Ewa,EWA19,2024-12-01,-1.0859375,-1.1875,18.96875,20.0546875,1.8855149741666666,16.291666666666668,24,2,Ewa_2,21.340979836,-158.042379912
Ewa,EWA19,2024-12-21,-0.7604166666666666,-0.78125,20.109375,20.869791666666668,2.69098715,9.791666666666666,24,3,Ewa_3,21.340979836,-158.042379912
Ewa,EWA19,2024-12-25,-0.7057291666666666,-0.625,21.651041666666668,22.356770833333332,2.6112218825,15.416666666666666,24,4,Ewa_4,21.340979836,-158.042379912
Ewa,EWA20,2024-11-25,-0.8307291666666666,-0.90625,21.34375,22.174479166666668,6.1163025125,11.541666666666666,24,1,Ewa_1,21.357972046,-158.02559248
Ewa,EWA20,2024-12-01,0.15885416666666666,0.15625,20.213541666666668,20.0546875,1.8855149741666666,16.291666666666668,24,2,Ewa_2,21.357972046,-158.02559248
Ewa,EWA20,2024-12-21,0.14583333333333334,0.125,21.015625,20.869791666666668,2.69098715,9.791666666666666,24,3,Ewa_3,21.357972046,-158.02559248
Ewa,EWA20,2024-12-25,0.4453125,0.5,22.802083333333332,22.356770833333332,2.6112218825,15.416666666666666,24,4,Ewa_4,21.357972046,-158.02559248
Ewa,EWA21,2024-11-25,-0.5651041666666666,-0.59375,21.609375,22.174479166666668,6.1163025125,11.541666666666666,24,1,Ewa_1,21.355951408,-158.025926473
Ewa,EWA21,2024-12-01,0.5338541666666666,0.40625,20.588541666666668,20.0546875,1.8855149741666666,16.291666666666668,24,2,Ewa_2,21.355951408,-158.025926473
Ewa,EWA21,2024-12-21,0.65625,0.625,21.526041666666668,20.869791666666668,2.69098715,9.791666666666666,24,3,Ewa_3,21.355951408,-158.025926473
Ewa,EWA21,2024-12-25,0.9088541666666666,0.875,23.265625,22.356770833333332,2.6112218825,15.416666666666666,24,4,Ewa_4,21.355951408,-158.025926473
Ewa,EWA23,2024-11-25,0.7369791666666666,0.59375,22.911458333333332,22.174479166666668,6.1163025125,11.541666666666666,24,1,Ewa_1,21.356789859,-158.054716378
Ewa,EWA23,2024-12-01,-1.5755208333333333,-1.5625,18.479166666666668,20.0546875,1.8855149741666666,16.291666666666668,24,2,Ewa_2,21.356789859,-158.054716378
Ewa,EWA23,2024-12-21,-1.7916666666666667,-1.65625,19.078125,20.869791666666668,2.69098715,9.791666666666666,24,3,Ewa_3,21.356789859,-158.054716378
Ewa,EWA23,2024-12-25,-1.0963541666666667,-0.84375,21.260416666666668,22.356770833333332,2.6112218825,15.416666666666666,24,4,Ewa_4,21.356789859,-158.054716378
Ewa,EWA24,2024-11-25,1.3567708333333333,1.34375,23.53125,22.174479166666668,6.1163025125,11.541666666666666,24,1,Ewa_1,21.356265014,-158.058572142
Ewa,EWA24,2024-12-01,0.8776041666666666,0.875,20.932291666666668,20.0546875,1.8855149741666666,16.291666666666668,24,2,Ewa_2,21.356265014,-158.058572142
Ewa,EWA24,2024-12-21,0.7760416666666666,0.65625,21.645833333333332,20.869791666666668,2.69098715,9.791666666666666,24,3,Ewa_3,21.356265014,-158.058572142
Ewa,EWA24,2024-12-25,0.7213541666666666,0.6875,23.078125,22.356770833333332,2.6112218825,15.416666666666666,24,4,Ewa_4,21.356265014,-158.058572142
Ewa,EWA25,2024-11-25,-0.07552083333333333,-0.0625,22.098958333333332,22.174479166666668,6.1163025125,11.541666666666666,24,1,Ewa_1,21.332712275,-158.053561879
Ewa,EWA25,2024-12-01,0.9505208333333334,0.84375,21.005208333333332,20.0546875,1.8855149741666666,16.291666666666668,24,2,Ewa_2,21.332712275,-158.053561879
Ewa,EWA25,2024-12-21,0.8645833333333334,0.75,21.734375,20.869791666666668,2.69098715,9.791666666666666,24,3,Ewa_3,21.332712275,-158.053561879
Ewa,EWA25,2024-12-25,0.7109375,0.75,23.067708333333332,22.356770833333332,2.6112218825,15.416666666666666,24,4,Ewa_4,21.332712275,-158.053561879
Ewa,EWA26,2024-11-25,0.7578125,0.65625,22.932291666666668,22.174479166666668,6.1163025125,11.541666666666666,24,1,Ewa_1,21.310330316,-158.100173382
Ewa,EWA26,2024-12-01,2.1848958333333335,2.1875,22.239583333333332,20.0546875,1.8855149741666666,16.291666666666668,24,2,Ewa_2,21.310330316,-158.100173382
Ewa,EWA26,2024-12-21,2.3177083333333335,2.40625,23.1875,20.869791666666668,2.69098715,9.791666666666666,24,3,Ewa_3,21.310330316,-158.100173382
Ewa,EWA26,2024-12-25,1.1640625,1.09375,23.520833333333332,22.356770833333332,2.6112218825,15.416666666666666,24,4,Ewa_4,21.310330316,-158.100173382
Ewa,EWA28,2024-11-25,-1.0703125,-1,21.104166666666668,22.174479166666668,6.1163025125,11.541666666666666,24,1,Ewa_1,21.333629188,-158.067358943
Ewa,EWA28,2024-12-01,-0.12239583333333333,0,19.932291666666668,20.0546875,1.8855149741666666,16.291666666666668,24,2,Ewa_2,21.333629188,-158.067358943
Ewa,EWA28,2024-12-21,-0.5416666666666666,-0.40625,20.328125,20.869791666666668,2.69098715,9.791666666666666,24,3,Ewa_3,21.333629188,-158.067358943
Ewa,EWA28,2024-12-25,-0.5390625,-0.46875,21.817708333333332,22.356770833333332,2.6112218825,15.416666666666666,24,4,Ewa_4,21.333629188,-158.067358943
Ewa,EWA29,2024-11-25,-0.6067708333333334,-0.6875,21.567708333333332,22.174479166666668,6.1163025125,11.541666666666666,24,1,Ewa_1,21.329299422,-158.072430847
Ewa,EWA29,2024-12-01,0.6901041666666666,0.625,20.744791666666668,20.0546875,1.8855149741666666,16.291666666666668,24,2,Ewa_2,21.329299422,-158.072430847
Ewa,EWA29,2024-12-21,0.609375,0.46875,21.479166666666668,20.869791666666668,2.69098715,9.791666666666666,24,3,Ewa_3,21.329299422,-158.072430847
Ewa,EWA29,2024-12-25,0.059895833333333336,0,22.416666666666668,22.356770833333332,2.6112218825,15.416666666666666,24,4,Ewa_4,21.329299422,-158.072430847
Ewa,EWA31,2024-11-25,-0.4036458333333333,-0.1875,21.770833333333332,22.174479166666668,6.1163025125,11.541666666666666,24,1,Ewa_1,21.328747314,-158.073549188
Ewa,EWA31,2024-12-01,0.5651041666666666,0.5625,20.619791666666668,20.0546875,1.8855149741666666,16.291666666666668,24,2,Ewa_2,21.328747314,-158.073549188
Ewa,EWA31,2024-12-21,0.46875,0.375,21.338541666666668,20.869791666666668,2.69098715,9.791666666666666,24,3,Ewa_3,21.328747314,-158.073549188
Ewa,EWA31,2024-12-25,0.059895833333333336,0.03125,22.416666666666668,22.356770833333332,2.6112218825,15.416666666666666,24,4,Ewa_4,21.328747314,-158.073549188
Ewa,EWA32,2024-11-25,0.3046875,0.28125,22.479166666666668,22.174479166666668,6.1163025125,11.541666666666666,24,1,Ewa_1,21.333229395,-158.080909574
Ewa,EWA32,2024-12-01,1.5494791666666667,1.5,21.604166666666668,20.0546875,1.8855149741666666,16.291666666666668,24,2,Ewa_2,21.333229395,-158.080909574
Ewa,EWA32,2024-12-21,2.0260416666666665,1.96875,22.895833333333332,20.869791666666668,2.69098715,9.791666666666666,24,3,Ewa_3,21.333229395,-158.080909574
Ewa,EWA32,2024-12-25,0.8776041666666666,0.875,23.234375,22.356770833333332,2.6112218825,15.416666666666666,24,4,Ewa_4,21.333229395,-158.080909574
Ewa,EWA33,2024-11-25,0.9557291666666666,0.78125,23.130208333333332,22.174479166666668,6.1163025125,11.541666666666666,24,1,Ewa_1,21.342920264,-158.041422452
Ewa,EWA33,2024-12-01,-0.3098958333333333,-0.3125,19.744791666666668,20.0546875,1.8855149741666666,16.291666666666668,24,2,Ewa_2,21.342920264,-158.041422452
Ewa,EWA33,2024-12-21,-0.328125,-0.21875,20.541666666666668,20.869791666666668,2.69098715,9.791666666666666,24,3,Ewa_3,21.342920264,-158.041422452
Ewa,EWA33,2024-12-25,-0.12760416666666666,-0.25,22.229166666666668,22.356770833333332,2.6112218825,15.416666666666666,24,4,Ewa_4,21.342920264,-158.041422452
Ewa,EWA35,2024-11-25,-1.1432291666666667,-1.125,21.03125,22.174479166666668,6.1163025125,11.541666666666666,24,1,Ewa_1,21.369949853,-158.027661941
Ewa,EWA35,2024-12-01,-1.2161458333333333,-1.25,18.838541666666668,20.0546875,1.8855149741666666,16.291666666666668,24,2,Ewa_2,21.369949853,-158.027661941
Ewa,EWA35,2024-12-21,-0.5885416666666666,-0.5625,20.28125,20.869791666666668,2.69098715,9.791666666666666,24,3,Ewa_3,21.369949853,-158.027661941
Ewa,EWA35,2024-12-25,-0.0026041666666666665,0,22.354166666666668,22.356770833333332,2.6112218825,15.416666666666666,24,4,Ewa_4,21.369949853,-158.027661941
Ewa,EWA36,2024-11-25,0.6536458333333334,0.59375,22.828125,22.174479166666668,6.1163025125,11.541666666666666,24,1,Ewa_1,21.354431079,-158.061945848
Ewa,EWA36,2024-12-01,-0.7369791666666666,-0.75,19.317708333333332,20.0546875,1.8855149741666666,16.291666666666668,24,2,Ewa_2,21.354431079,-158.061945848
Ewa,EWA36,2024-12-21,-0.515625,-0.6875,20.354166666666668,20.869791666666668,2.69098715,9.791666666666666,24,3,Ewa_3,21.354431079,-158.061945848
Ewa,EWA36,2024-12-25,-0.4973958333333333,-0.65625,21.859375,22.356770833333332,2.6112218825,15.416666666666666,24,4,Ewa_4,21.354431079,-158.061945848
Ewa,EWA37,2024-11-25,-1.5963541666666667,-1.6875,20.578125,22.174479166666668,6.1163025125,11.541666666666666,24,1,Ewa_1,21.342016468,-158.020941334
Ewa,EWA37,2024-12-01,-0.2630208333333333,-0.21875,19.791666666666668,20.0546875,1.8855149741666666,16.291666666666668,24,2,Ewa_2,21.342016468,-158.020941334
Ewa,EWA37,2024-12-21,-0.036458333333333336,-0.15625,20.833333333333332,20.869791666666668,2.69098715,9.791666666666666,24,3,Ewa_3,21.342016468,-158.020941334
Ewa,EWA37,2024-12-25,-0.028645833333333332,-0.03125,22.328125,22.356770833333332,2.6112218825,15.416666666666666,24,4,Ewa_4,21.342016468,-158.020941334
Ewa,EWA38,2024-11-25,0.8723958333333334,0.71875,23.046875,22.174479166666668,6.1163025125,11.541666666666666,24,1,Ewa_1,21.335000101,-158.044283328
Ewa,EWA38,2024-12-01,-1.1223958333333333,-1.25,18.932291666666668,20.0546875,1.8855149741666666,16.291666666666668,24,2,Ewa_2,21.335000101,-158.044283328
Ewa,EWA38,2024-12-21,-0.828125,-0.96875,20.041666666666668,20.869791666666668,2.69098715,9.791666666666666,24,3,Ewa_3,21.335000101,-158.044283328
Ewa,EWA38,2024-12-25,-0.7526041666666666,-0.84375,21.604166666666668,22.356770833333332,2.6112218825,15.416666666666666,24,4,Ewa_4,21.335000101,-158.044283328
Ewa,EWA39,2024-11-25,1.0755208333333333,0.90625,23.25,22.174479166666668,6.1163025125,11.541666666666666,24,1,Ewa_1,21.3376646,-158.053484081
Ewa,EWA39,2024-12-01,-0.1640625,-0.15625,19.890625,20.0546875,1.8855149741666666,16.291666666666668,24,2,Ewa_2,21.3376646,-158.053484081
Ewa,EWA39,2024-12-21,-0.005208333333333333,-0.125,20.864583333333332,20.869791666666668,2.69098715,9.791666666666666,24,3,Ewa_3,21.3376646,-158.053484081
Ewa,EWA39,2024-12-25,-0.12760416666666666,-0.03125,22.229166666666668,22.356770833333332,2.6112218825,15.416666666666666,24,4,Ewa_4,21.3376646,-158.053484081
Ewa,EWA40,2024-11-25,-0.4817708333333333,-0.1875,21.692708333333332,22.174479166666668,6.1163025125,11.541666666666666,24,1,Ewa_1,21.3289547,-158.075093612
Ewa,EWA40,2024-12-01,0.3203125,0.34375,20.375,20.0546875,1.8855149741666666,16.291666666666668,24,2,Ewa_2,21.3289547,-158.075093612
Ewa,EWA40,2024-12-21,0.026041666666666668,0,20.895833333333332,20.869791666666668,2.69098715,9.791666666666666,24,3,Ewa_3,21.3289547,-158.075093612
Ewa,EWA40,2024-12-25,-0.1953125,-0.125,22.161458333333332,22.356770833333332,2.6112218825,15.416666666666666,24,4,Ewa_4,21.3289547,-158.075093612
Ewa,EWA42,2024-11-25,-1.0182291666666667,-1,21.15625,22.174479166666668,6.1163025125,11.541666666666666,24,1,Ewa_1,21.336057076,-158.037618593
Ewa,EWA42,2024-12-01,0.0859375,0,20.140625,20.0546875,1.8855149741666666,16.291666666666668,24,2,Ewa_2,21.336057076,-158.037618593
Ewa,EWA42,2024-12-21,0.010416666666666666,0,20.880208333333332,20.869791666666668,2.69098715,9.791666666666666,24,3,Ewa_3,21.336057076,-158.037618593
Ewa,EWA42,2024-12-25,0.018229166666666668,0,22.375,22.356770833333332,2.6112218825,15.416666666666666,24,4,Ewa_4,21.336057076,-158.037618593
Ewa,EWA45,2024-11-25,1.2838541666666667,1.125,23.458333333333332,22.174479166666668,6.1163025125,11.541666666666666,24,1,Ewa_1,21.348297007,-158.032308791
Ewa,EWA45,2024-12-01,-0.20052083333333334,-0.21875,19.854166666666668,20.0546875,1.8855149741666666,16.291666666666668,24,2,Ewa_2,21.348297007,-158.032308791
Ewa,EWA45,2024-12-21,-0.109375,-0.125,20.760416666666668,20.869791666666668,2.69098715,9.791666666666666,24,3,Ewa_3,21.348297007,-158.032308791
Ewa,EWA45,2024-12-25,0.049479166666666664,0.0625,22.40625,22.356770833333332,2.6112218825,15.416666666666666,24,4,Ewa_4,21.348297007,-158.032308791
Ewa,EWA46,2024-11-25,1.0338541666666667,1,23.208333333333332,22.174479166666668,6.1163025125,11.541666666666666,24,1,Ewa_1,21.319870001,-158.116895423
Ewa,EWA46,2024-12-01,1.1901041666666667,1.375,21.244791666666668,20.0546875,1.8855149741666666,16.291666666666668,24,2,Ewa_2,21.319870001,-158.116895423
Ewa,EWA46,2024-12-21,1.3229166666666667,1.0625,22.192708333333332,20.869791666666668,2.69098715,9.791666666666666,24,3,Ewa_3,21.319870001,-158.116895423
Ewa,EWA46,2024-12-25,-0.4817708333333333,-0.375,21.875,22.356770833333332,2.6112218825,15.416666666666666,24,4,Ewa_4,21.319870001,-158.116895423
Ewa,EWA48,2024-11-25,-1.2265625,-1.28125,20.947916666666668,22.174479166666668,6.1163025125,11.541666666666666,24,1,Ewa_1,21.337463633,-158.018168167
Ewa,EWA48,2024-12-01,-0.0234375,-0.0625,20.03125,20.0546875,1.8855149741666666,16.291666666666668,24,2,Ewa_2,21.337463633,-158.018168167
Ewa,EWA48,2024-12-21,0.09895833333333333,0,20.96875,20.869791666666668,2.69098715,9.791666666666666,24,3,Ewa_3,21.337463633,-158.018168167
Ewa,EWA48,2024-12-25,0.09114583333333333,0.125,22.447916666666668,22.356770833333332,2.6112218825,15.416666666666666,24,4,Ewa_4,21.337463633,-158.018168167
Ewa,EWA50,2024-11-25,0.6901041666666666,0.53125,22.864583333333332,22.174479166666668,6.1163025125,11.541666666666666,24,1,Ewa_1,21.344363191,-158.035842688
Ewa,EWA50,2024-12-01,-1.3619791666666667,-1.3125,18.692708333333332,20.0546875,1.8855149741666666,16.291666666666668,24,2,Ewa_2,21.344363191,-158.035842688
Ewa,EWA50,2024-12-21,-1.2604166666666667,-1.28125,19.609375,20.869791666666668,2.69098715,9.791666666666666,24,3,Ewa_3,21.344363191,-158.035842688
Ewa,EWA50,2024-12-25,-1.2317708333333333,-1.25,21.125,22.356770833333332,2.6112218825,15.416666666666666,24,4,Ewa_4,21.344363191,-158.035842688
Honolulu,HNL01,2024-12-16,-1.953125,-2,19.588541666666668,21.541666666666668,3.2042566791666665,6.958333333333333,24,4,Hon_4,21.292930695,-157.813130937
Honolulu,HNL01,2024-12-21,-2.1197916666666665,-2.21875,19.885416666666668,22.005208333333332,3.3775978091666667,5.291666666666667,24,5,Hon_5,21.292930695,-157.813130937
Honolulu,HNL01,2024-12-26,-1.5729166666666667,-1.5,21.510416666666668,23.083333333333332,1.6095112708333335,8,24,6,Hon_6,21.292930695,-157.813130937
Honolulu,HNL01,2025-01-03,-1.8463541666666667,-2,19.984375,21.830729166666668,3.27522905,7.458333333333333,24,7,Hon_7,21.292930695,-157.813130937
Honolulu,HNL03,2024-11-30,-0.4661458333333333,-0.1875,21.484375,21.950520833333332,6.923625725,14.75,24,1,Hon_1,21.285501833,-157.817752579
Honolulu,HNL03,2024-12-01,-0.703125,-0.75,20.994791666666668,21.697916666666668,1.70763501625,5.208333333333333,24,2,Hon_2,21.285501833,-157.817752579
Honolulu,HNL03,2024-12-07,-0.4791666666666667,-0.5,22.15625,22.635416666666668,5.9895923458333336,20.25,24,3,Hon_3,21.285501833,-157.817752579
Honolulu,HNL03,2024-12-16,-0.9427083333333334,-1.09375,20.598958333333332,21.541666666666668,3.2042566791666665,6.958333333333333,24,4,Hon_4,21.285501833,-157.817752579
Honolulu,HNL03,2024-12-21,-0.5572916666666666,-0.53125,21.447916666666668,22.005208333333332,3.3775978091666667,5.291666666666667,24,5,Hon_5,21.285501833,-157.817752579
Honolulu,HNL03,2024-12-26,-0.3385416666666667,-0.25,22.744791666666668,23.083333333333332,1.6095112708333335,8,24,6,Hon_6,21.285501833,-157.817752579
Honolulu,HNL03,2025-01-03,-0.7994791666666666,-0.8125,21.03125,21.830729166666668,3.27522905,7.458333333333333,24,7,Hon_7,21.285501833,-157.817752579
Honolulu,HNL04,2024-11-30,-0.6848958333333334,-0.59375,21.265625,21.950520833333332,6.923625725,14.75,24,1,Hon_1,21.290175,-157.812344
Honolulu,HNL04,2024-12-01,-0.671875,-0.625,21.026041666666668,21.697916666666668,1.70763501625,5.208333333333333,24,2,Hon_2,21.290175,-157.812344
Honolulu,HNL04,2024-12-07,-0.96875,-1.0625,21.666666666666668,22.635416666666668,5.9895923458333336,20.25,24,3,Hon_3,21.290175,-157.812344
Honolulu,HNL04,2024-12-16,-1.453125,-1.625,20.088541666666668,21.541666666666668,3.2042566791666665,6.958333333333333,24,4,Hon_4,21.290175,-157.812344
Honolulu,HNL04,2024-12-21,-1.3489583333333333,-1.71875,20.65625,22.005208333333332,3.3775978091666667,5.291666666666667,24,5,Hon_5,21.290175,-157.812344
Honolulu,HNL04,2024-12-26,-0.734375,-0.5,22.348958333333332,23.083333333333332,1.6095112708333335,8,24,6,Hon_6,21.290175,-157.812344
Honolulu,HNL04,2025-01-03,-1.2473958333333333,-1.4375,20.583333333333332,21.830729166666668,3.27522905,7.458333333333333,24,7,Hon_7,21.290175,-157.812344
Honolulu,HNL05,2024-11-30,-0.06510416666666667,0,21.885416666666668,21.950520833333332,6.923625725,14.75,24,1,Hon_1,21.28474937,-157.811280959
Honolulu,HNL05,2024-12-01,0.015625,0,21.713541666666668,21.697916666666668,1.70763501625,5.208333333333333,24,2,Hon_2,21.28474937,-157.811280959
Honolulu,HNL05,2024-12-07,0.1875,0.25,22.822916666666668,22.635416666666668,5.9895923458333336,20.25,24,3,Hon_3,21.28474937,-157.811280959
Honolulu,HNL05,2024-12-16,-0.16666666666666666,-0.03125,21.375,21.541666666666668,3.2042566791666665,6.958333333333333,24,4,Hon_4,21.28474937,-157.811280959
Honolulu,HNL05,2024-12-21,-0.34375,-0.3125,21.661458333333332,22.005208333333332,3.3775978091666667,5.291666666666667,24,5,Hon_5,21.28474937,-157.811280959
Honolulu,HNL05,2024-12-26,-0.046875,0.15625,23.036458333333332,23.083333333333332,1.6095112708333335,8,24,6,Hon_6,21.28474937,-157.811280959
Honolulu,HNL05,2025-01-03,-0.3046875,-0.25,21.526041666666668,21.830729166666668,3.27522905,7.458333333333333,24,7,Hon_7,21.28474937,-157.811280959
Honolulu,HNL08,2024-11-30,3.7526041666666665,3.4375,25.703125,21.950520833333332,6.923625725,14.75,24,1,Hon_1,21.278628084,-157.81447177
Honolulu,HNL08,2024-12-01,1.0677083333333333,1.125,22.765625,21.697916666666668,1.70763501625,5.208333333333333,24,2,Hon_2,21.278628084,-157.81447177
Honolulu,HNL08,2024-12-07,1.0625,1.0625,23.697916666666668,22.635416666666668,5.9895923458333336,20.25,24,3,Hon_3,21.278628084,-157.81447177
Honolulu,HNL08,2024-12-16,1.3854166666666667,1.5,22.927083333333332,21.541666666666668,3.2042566791666665,6.958333333333333,24,4,Hon_4,21.278628084,-157.81447177
Honolulu,HNL08,2024-12-21,1.234375,1.28125,23.239583333333332,22.005208333333332,3.3775978091666667,5.291666666666667,24,5,Hon_5,21.278628084,-157.81447177
Honolulu,HNL08,2024-12-26,0.8645833333333334,0.625,23.947916666666668,23.083333333333332,1.6095112708333335,8,24,6,Hon_6,21.278628084,-157.81447177
Honolulu,HNL08,2025-01-03,1.2994791666666667,1.59375,23.130208333333332,21.830729166666668,3.27522905,7.458333333333333,24,7,Hon_7,21.278628084,-157.81447177
Honolulu,HNL09,2024-11-30,0.4244791666666667,0.46875,22.375,21.950520833333332,6.923625725,14.75,24,1,Hon_1,21.283978395,-157.81569285
Honolulu,HNL09,2024-12-01,0.375,0.375,22.072916666666668,21.697916666666668,1.70763501625,5.208333333333333,24,2,Hon_2,21.283978395,-157.81569285
Honolulu,HNL09,2024-12-07,0.5416666666666666,0.625,23.177083333333332,22.635416666666668,5.9895923458333336,20.25,24,3,Hon_3,21.283978395,-157.81569285
Honolulu,HNL09,2024-12-16,0.25,0.375,21.791666666666668,21.541666666666668,3.2042566791666665,6.958333333333333,24,4,Hon_4,21.283978395,-157.81569285
Honolulu,HNL09,2024-12-21,0.2604166666666667,0.1875,22.265625,22.005208333333332,3.3775978091666667,5.291666666666667,24,5,Hon_5,21.283978395,-157.81569285
Honolulu,HNL09,2024-12-26,0.4739583333333333,0.53125,23.557291666666668,23.083333333333332,1.6095112708333335,8,24,6,Hon_6,21.283978395,-157.81569285
Honolulu,HNL09,2025-01-03,0.11197916666666667,0.15625,21.942708333333332,21.830729166666668,3.27522905,7.458333333333333,24,7,Hon_7,21.283978395,-157.81569285
Honolulu,HNL12,2024-11-30,-0.5182291666666666,-0.5,21.432291666666668,21.950520833333332,6.923625725,14.75,24,1,Hon_1,21.281415362,-157.832955799
Honolulu,HNL12,2024-12-01,-0.3020833333333333,-0.3125,21.395833333333332,21.697916666666668,1.70763501625,5.208333333333333,24,2,Hon_2,21.281415362,-157.832955799
Honolulu,HNL12,2024-12-07,-0.3802083333333333,-0.375,22.255208333333332,22.635416666666668,5.9895923458333336,20.25,24,3,Hon_3,21.281415362,-157.832955799
Honolulu,HNL12,2024-12-16,-0.09895833333333333,0.09375,21.442708333333332,21.541666666666668,3.2042566791666665,6.958333333333333,24,4,Hon_4,21.281415362,-157.832955799
Honolulu,HNL12,2024-12-21,-0.2864583333333333,-0.125,21.71875,22.005208333333332,3.3775978091666667,5.291666666666667,24,5,Hon_5,21.281415362,-157.832955799
Honolulu,HNL12,2024-12-26,-0.5260416666666666,-0.5,22.557291666666668,23.083333333333332,1.6095112708333335,8,24,6,Hon_6,21.281415362,-157.832955799
Honolulu,HNL12,2025-01-03,-0.4765625,-0.40625,21.354166666666668,21.830729166666668,3.27522905,7.458333333333333,24,7,Hon_7,21.281415362,-157.832955799
Honolulu,HNL14,2024-11-30,-1.1171875,-1.125,20.833333333333332,21.950520833333332,6.923625725,14.75,24,1,Hon_1,21.284504221,-157.827586404
Honolulu,HNL14,2024-12-01,-1.1822916666666667,-1.25,20.515625,21.697916666666668,1.70763501625,5.208333333333333,24,2,Hon_2,21.284504221,-157.827586404
Honolulu,HNL14,2024-12-07,-0.9322916666666666,-0.9375,21.703125,22.635416666666668,5.9895923458333336,20.25,24,3,Hon_3,21.284504221,-157.827586404
Honolulu,HNL14,2024-12-16,-0.9010416666666666,-0.875,20.640625,21.541666666666668,3.2042566791666665,6.958333333333333,24,4,Hon_4,21.284504221,-157.827586404
Honolulu,HNL14,2024-12-21,-1.15625,-1.0625,20.848958333333332,22.005208333333332,3.3775978091666667,5.291666666666667,24,5,Hon_5,21.284504221,-157.827586404
Honolulu,HNL14,2024-12-26,-0.8072916666666666,-0.75,22.276041666666668,23.083333333333332,1.6095112708333335,8,24,6,Hon_6,21.284504221,-157.827586404
Honolulu,HNL14,2025-01-03,-1.0338541666666667,-1.03125,20.796875,21.830729166666668,3.27522905,7.458333333333333,24,7,Hon_7,21.284504221,-157.827586404
Honolulu,HNL17,2024-11-30,-0.044270833333333336,-0.125,21.90625,21.950520833333332,6.923625725,14.75,24,1,Hon_1,21.263002712,-157.817143746
Honolulu,HNL17,2024-12-01,0.16145833333333334,0.25,21.859375,21.697916666666668,1.70763501625,5.208333333333333,24,2,Hon_2,21.263002712,-157.817143746
Honolulu,HNL17,2024-12-07,-0.057291666666666664,0,22.578125,22.635416666666668,5.9895923458333336,20.25,24,3,Hon_3,21.263002712,-157.817143746
Honolulu,HNL17,2024-12-16,-0.11979166666666667,-0.03125,21.421875,21.541666666666668,3.2042566791666665,6.958333333333333,24,4,Hon_4,21.263002712,-157.817143746
Honolulu,HNL17,2024-12-21,0.020833333333333332,0,22.026041666666668,22.005208333333332,3.3775978091666667,5.291666666666667,24,5,Hon_5,21.263002712,-157.817143746
Honolulu,HNL17,2024-12-26,0.0625,0.03125,23.145833333333332,23.083333333333332,1.6095112708333335,8,24,6,Hon_6,21.263002712,-157.817143746
Honolulu,HNL17,2025-01-03,0.1171875,0.15625,21.947916666666668,21.830729166666668,3.27522905,7.458333333333333,24,7,Hon_7,21.263002712,-157.817143746
Honolulu,HNL18,2024-11-30,-0.2630208333333333,-0.25,21.6875,21.950520833333332,6.923625725,14.75,24,1,Hon_1,21.303836,-157.841841
Honolulu,HNL18,2024-12-01,0.08333333333333333,0.0625,21.78125,21.697916666666668,1.70763501625,5.208333333333333,24,2,Hon_2,21.303836,-157.841841
Honolulu,HNL18,2024-12-07,-0.09895833333333333,-0.125,22.536458333333332,22.635416666666668,5.9895923458333336,20.25,24,3,Hon_3,21.303836,-157.841841
Honolulu,HNL18,2024-12-16,0.21354166666666666,0.25,21.755208333333332,21.541666666666668,3.2042566791666665,6.958333333333333,24,4,Hon_4,21.303836,-157.841841
Honolulu,HNL18,2024-12-21,0.203125,0.21875,22.208333333333332,22.005208333333332,3.3775978091666667,5.291666666666667,24,5,Hon_5,21.303836,-157.841841
Honolulu,HNL18,2024-12-26,0.06770833333333333,-0.09375,23.151041666666668,23.083333333333332,1.6095112708333335,8,24,6,Hon_6,21.303836,-157.841841
Honolulu,HNL18,2025-01-03,0.4869791666666667,0.40625,22.317708333333332,21.830729166666668,3.27522905,7.458333333333333,24,7,Hon_7,21.303836,-157.841841
Honolulu,HNL20,2024-11-30,-0.1796875,-0.1875,21.770833333333332,21.950520833333332,6.923625725,14.75,24,1,Hon_1,21.295581247,-157.8129178
Honolulu,HNL20,2024-12-01,-0.625,-0.625,21.072916666666668,21.697916666666668,1.70763501625,5.208333333333333,24,2,Hon_2,21.295581247,-157.8129178
Honolulu,HNL20,2024-12-07,-1.03125,-1,21.604166666666668,22.635416666666668,5.9895923458333336,20.25,24,3,Hon_3,21.295581247,-157.8129178
Honolulu,HNL20,2024-12-16,-0.7447916666666666,-0.71875,20.796875,21.541666666666668,3.2042566791666665,6.958333333333333,24,4,Hon_4,21.295581247,-157.8129178
Honolulu,HNL20,2024-12-21,-0.9114583333333334,-0.90625,21.09375,22.005208333333332,3.3775978091666667,5.291666666666667,24,5,Hon_5,21.295581247,-157.8129178
Honolulu,HNL20,2024-12-26,-0.7864583333333334,-0.71875,22.296875,23.083333333333332,1.6095112708333335,8,24,6,Hon_6,21.295581247,-157.8129178
Honolulu,HNL20,2025-01-03,-0.6536458333333334,-0.59375,21.177083333333332,21.830729166666668,3.27522905,7.458333333333333,24,7,Hon_7,21.295581247,-157.8129178
Honolulu,HNL21,2024-11-30,0.8359375,0.5,22.786458333333332,21.950520833333332,6.923625725,14.75,24,1,Hon_1,21.281589967,-157.829816609
Honolulu,HNL21,2024-12-01,1.0052083333333333,1.125,22.703125,21.697916666666668,1.70763501625,5.208333333333333,24,2,Hon_2,21.281589967,-157.829816609
Honolulu,HNL21,2024-12-07,0.9947916666666666,1,23.630208333333332,22.635416666666668,5.9895923458333336,20.25,24,3,Hon_3,21.281589967,-157.829816609
Honolulu,HNL21,2024-12-16,1.15625,1.1875,22.697916666666668,21.541666666666668,3.2042566791666665,6.958333333333333,24,4,Hon_4,21.281589967,-157.829816609
Honolulu,HNL21,2024-12-21,1.0989583333333333,1.15625,23.104166666666668,22.005208333333332,3.3775978091666667,5.291666666666667,24,5,Hon_5,21.281589967,-157.829816609
Honolulu,HNL21,2024-12-26,0.609375,0.40625,23.692708333333332,23.083333333333332,1.6095112708333335,8,24,6,Hon_6,21.281589967,-157.829816609
Honolulu,HNL21,2025-01-03,1.0598958333333333,1.1875,22.890625,21.830729166666668,3.27522905,7.458333333333333,24,7,Hon_7,21.281589967,-157.829816609
Honolulu,HNL22,2024-11-30,0.4140625,0.375,22.364583333333332,21.950520833333332,6.923625725,14.75,24,1,Hon_1,21.273844414,-157.818926801
Honolulu,HNL22,2024-12-01,0.19791666666666666,0.25,21.895833333333332,21.697916666666668,1.70763501625,5.208333333333333,24,2,Hon_2,21.273844414,-157.818926801
Honolulu,HNL22,2024-12-07,0.109375,0.125,22.744791666666668,22.635416666666668,5.9895923458333336,20.25,24,3,Hon_3,21.273844414,-157.818926801
Honolulu,HNL22,2024-12-16,-0.08333333333333333,-0.125,21.458333333333332,21.541666666666668,3.2042566791666665,6.958333333333333,24,4,Hon_4,21.273844414,-157.818926801
Honolulu,HNL22,2024-12-21,0.010416666666666666,-0.09375,22.015625,22.005208333333332,3.3775978091666667,5.291666666666667,24,5,Hon_5,21.273844414,-157.818926801
Honolulu,HNL22,2024-12-26,0.171875,0.09375,23.255208333333332,23.083333333333332,1.6095112708333335,8,24,6,Hon_6,21.273844414,-157.818926801
Honolulu,HNL22,2025-01-03,-0.0859375,-0.09375,21.744791666666668,21.830729166666668,3.27522905,7.458333333333333,24,7,Hon_7,21.273844414,-157.818926801
Honolulu,HNL26,2024-11-30,0.4609375,0.375,22.411458333333332,21.950520833333332,6.923625725,14.75,24,1,Hon_1,21.292615219,-157.855026541
Honolulu,HNL26,2024-12-01,1.0208333333333333,1,22.71875,21.697916666666668,1.70763501625,5.208333333333333,24,2,Hon_2,21.292615219,-157.855026541
Honolulu,HNL26,2024-12-07,0.9322916666666666,1,23.567708333333332,22.635416666666668,5.9895923458333336,20.25,24,3,Hon_3,21.292615219,-157.855026541
Honolulu,HNL26,2024-12-16,1.1510416666666667,1.25,22.692708333333332,21.541666666666668,3.2042566791666665,6.958333333333333,24,4,Hon_4,21.292615219,-157.855026541
Honolulu,HNL26,2024-12-21,1.25,1.375,23.255208333333332,22.005208333333332,3.3775978091666667,5.291666666666667,24,5,Hon_5,21.292615219,-157.855026541
Honolulu,HNL26,2024-12-26,0.796875,0.59375,23.880208333333332,23.083333333333332,1.6095112708333335,8,24,6,Hon_6,21.292615219,-157.855026541
Honolulu,HNL26,2025-01-03,1.2630208333333333,1.46875,23.09375,21.830729166666668,3.27522905,7.458333333333333,24,7,Hon_7,21.292615219,-157.855026541
Honolulu,HNL30,2024-11-30,-0.9296875,-0.875,21.020833333333332,21.950520833333332,6.923625725,14.75,24,1,Hon_1,21.309360017,-157.850490472
Honolulu,HNL30,2024-12-01,-0.6510416666666666,-0.75,21.046875,21.697916666666668,1.70763501625,5.208333333333333,24,2,Hon_2,21.309360017,-157.850490472
Honolulu,HNL30,2024-12-07,-0.7239583333333334,-0.625,21.911458333333332,22.635416666666668,5.9895923458333336,20.25,24,3,Hon_3,21.309360017,-157.850490472
Honolulu,HNL30,2024-12-16,-0.484375,-0.375,21.057291666666668,21.541666666666668,3.2042566791666665,6.958333333333333,24,4,Hon_4,21.309360017,-157.850490472
Honolulu,HNL30,2024-12-21,-0.796875,-0.78125,21.208333333333332,22.005208333333332,3.3775978091666667,5.291666666666667,24,5,Hon_5,21.309360017,-157.850490472
Honolulu,HNL30,2024-12-26,-0.5208333333333334,-0.53125,22.5625,23.083333333333332,1.6095112708333335,8,24,6,Hon_6,21.309360017,-157.850490472
Honolulu,HNL30,2025-01-03,-0.3515625,-0.375,21.479166666666668,21.830729166666668,3.27522905,7.458333333333333,24,7,Hon_7,21.309360017,-157.850490472
Honolulu,HNL31,2024-11-30,-0.09635416666666667,0,21.854166666666668,21.950520833333332,6.923625725,14.75,24,1,Hon_1,21.273462023,-157.812278011
Honolulu,HNL31,2024-12-01,-0.2916666666666667,-0.25,21.40625,21.697916666666668,1.70763501625,5.208333333333333,24,2,Hon_2,21.273462023,-157.812278011
Honolulu,HNL31,2024-12-07,0.052083333333333336,0.0625,22.6875,22.635416666666668,5.9895923458333336,20.25,24,3,Hon_3,21.273462023,-157.812278011
Honolulu,HNL31,2024-12-16,-0.21875,-0.15625,21.322916666666668,21.541666666666668,3.2042566791666665,6.958333333333333,24,4,Hon_4,21.273462023,-157.812278011
Honolulu,HNL31,2024-12-21,-0.375,-0.375,21.630208333333332,22.005208333333332,3.3775978091666667,5.291666666666667,24,5,Hon_5,21.273462023,-157.812278011
Honolulu,HNL31,2024-12-26,0.041666666666666664,0.25,23.125,23.083333333333332,1.6095112708333335,8,24,6,Hon_6,21.273462023,-157.812278011
Honolulu,HNL31,2025-01-03,-0.3567708333333333,-0.375,21.473958333333332,21.830729166666668,3.27522905,7.458333333333333,24,7,Hon_7,21.273462023,-157.812278011
Honolulu,HNL32,2024-11-30,-0.17447916666666666,-0.125,21.776041666666668,21.950520833333332,6.923625725,14.75,24,1,Hon_1,21.297909011,-157.844893264
Honolulu,HNL32,2024-12-01,-0.0625,-0.0625,21.635416666666668,21.697916666666668,1.70763501625,5.208333333333333,24,2,Hon_2,21.297909011,-157.844893264
Honolulu,HNL32,2024-12-07,0.06770833333333333,-0.125,22.703125,22.635416666666668,5.9895923458333336,20.25,24,3,Hon_3,21.297909011,-157.844893264
Honolulu,HNL32,2024-12-16,0.005208333333333333,0,21.546875,21.541666666666668,3.2042566791666665,6.958333333333333,24,4,Hon_4,21.297909011,-157.844893264
Honolulu,HNL32,2024-12-21,-0.020833333333333332,0,21.984375,22.005208333333332,3.3775978091666667,5.291666666666667,24,5,Hon_5,21.297909011,-157.844893264
Honolulu,HNL32,2024-12-26,-0.005208333333333333,0,23.078125,23.083333333333332,1.6095112708333335,8,24,6,Hon_6,21.297909011,-157.844893264
Honolulu,HNL32,2025-01-03,0.15885416666666666,0.09375,21.989583333333332,21.830729166666668,3.27522905,7.458333333333333,24,7,Hon_7,21.297909011,-157.844893264
Honolulu,HNL33,2024-11-30,1.4661458333333333,1.4375,23.416666666666668,21.950520833333332,6.923625725,14.75,24,1,Hon_1,21.281644446,-157.829162737
Honolulu,HNL33,2024-12-01,1.3958333333333333,1.5,23.09375,21.697916666666668,1.70763501625,5.208333333333333,24,2,Hon_2,21.281644446,-157.829162737
Honolulu,HNL33,2024-12-07,1.3645833333333333,1.3125,24,22.635416666666668,5.9895923458333336,20.25,24,3,Hon_3,21.281644446,-157.829162737
Honolulu,HNL33,2024-12-16,1.5,1.46875,23.041666666666668,21.541666666666668,3.2042566791666665,6.958333333333333,24,4,Hon_4,21.281644446,-157.829162737
Honolulu,HNL33,2024-12-21,1.5364583333333333,1.59375,23.541666666666668,22.005208333333332,3.3775978091666667,5.291666666666667,24,5,Hon_5,21.281644446,-157.829162737
Honolulu,HNL33,2024-12-26,1.0416666666666667,1,24.125,23.083333333333332,1.6095112708333335,8,24,6,Hon_6,21.281644446,-157.829162737
Honolulu,HNL33,2025-01-03,1.5390625,1.6875,23.369791666666668,21.830729166666668,3.27522905,7.458333333333333,24,7,Hon_7,21.281644446,-157.829162737
Honolulu,HNL34,2024-12-01,0.18229166666666666,0.125,21.880208333333332,21.697916666666668,1.70763501625,5.208333333333333,24,2,Hon_2,21.296507333,-157.836218307
Honolulu,HNL34,2024-12-07,0.5364583333333334,0.5625,23.171875,22.635416666666668,5.9895923458333336,20.25,24,3,Hon_3,21.296507333,-157.836218307
Honolulu,HNL34,2024-12-16,0.5260416666666666,0.46875,22.067708333333332,21.541666666666668,3.2042566791666665,6.958333333333333,24,4,Hon_4,21.296507333,-157.836218307
Honolulu,HNL34,2024-12-21,0.734375,0.625,22.739583333333332,22.005208333333332,3.3775978091666667,5.291666666666667,24,5,Hon_5,21.296507333,-157.836218307
Honolulu,HNL34,2024-12-26,0.53125,0.53125,23.614583333333332,23.083333333333332,1.6095112708333335,8,24,6,Hon_6,21.296507333,-157.836218307
Honolulu,HNL34,2025-01-03,0.4973958333333333,0.5,22.328125,21.830729166666668,3.27522905,7.458333333333333,24,7,Hon_7,21.296507333,-157.836218307
Honolulu,HNL35,2024-11-30,-0.09114583333333333,0,21.859375,21.950520833333332,6.923625725,14.75,24,1,Hon_1,21.302426,-157.836616
Honolulu,HNL35,2024-12-01,-0.13541666666666666,-0.125,21.5625,21.697916666666668,1.70763501625,5.208333333333333,24,2,Hon_2,21.302426,-157.836616
Honolulu,HNL35,2024-12-07,-0.2604166666666667,-0.25,22.375,22.635416666666668,5.9895923458333336,20.25,24,3,Hon_3,21.302426,-157.836616
Honolulu,HNL35,2024-12-16,-0.005208333333333333,-0.0625,21.536458333333332,21.541666666666668,3.2042566791666665,6.958333333333333,24,4,Hon_4,21.302426,-157.836616
Honolulu,HNL35,2024-12-21,0.041666666666666664,-0.03125,22.046875,22.005208333333332,3.3775978091666667,5.291666666666667,24,5,Hon_5,21.302426,-157.836616
Honolulu,HNL35,2024-12-26,-0.005208333333333333,-0.03125,23.078125,23.083333333333332,1.6095112708333335,8,24,6,Hon_6,21.302426,-157.836616
Honolulu,HNL35,2025-01-03,0.4192708333333333,0.40625,22.25,21.830729166666668,3.27522905,7.458333333333333,24,7,Hon_7,21.302426,-157.836616
Honolulu,HNL37,2024-11-30,-0.8515625,-0.8125,21.098958333333332,21.950520833333332,6.923625725,14.75,24,1,Hon_1,21.302861681,-157.849712717
Honolulu,HNL37,2024-12-01,-0.9375,-1,20.760416666666668,21.697916666666668,1.70763501625,5.208333333333333,24,2,Hon_2,21.302861681,-157.849712717
Honolulu,HNL37,2024-12-07,-0.6822916666666666,-0.6875,21.953125,22.635416666666668,5.9895923458333336,20.25,24,3,Hon_3,21.302861681,-157.849712717
Honolulu,HNL37,2024-12-16,-0.9947916666666666,-1,20.546875,21.541666666666668,3.2042566791666665,6.958333333333333,24,4,Hon_4,21.302861681,-157.849712717
Honolulu,HNL37,2024-12-21,-0.3958333333333333,-0.34375,21.609375,22.005208333333332,3.3775978091666667,5.291666666666667,24,5,Hon_5,21.302861681,-157.849712717
Honolulu,HNL37,2024-12-26,-0.59375,-0.59375,22.489583333333332,23.083333333333332,1.6095112708333335,8,24,6,Hon_6,21.302861681,-157.849712717
Honolulu,HNL37,2025-01-03,-0.4505208333333333,-0.5,21.380208333333332,21.830729166666668,3.27522905,7.458333333333333,24,7,Hon_7,21.302861681,-157.849712717
Honolulu,HNL38,2024-11-30,0.09635416666666667,0,22.046875,21.950520833333332,6.923625725,14.75,24,1,Hon_1,21.296868386,-157.864308776
Honolulu,HNL38,2024-12-01,0.5260416666666666,0.5,22.223958333333332,21.697916666666668,1.70763501625,5.208333333333333,24,2,Hon_2,21.296868386,-157.864308776
Honolulu,HNL38,2024-12-07,0.546875,0.625,23.182291666666668,22.635416666666668,5.9895923458333336,20.25,24,3,Hon_3,21.296868386,-157.864308776
Honolulu,HNL38,2024-12-16,0.4427083333333333,0.375,21.984375,21.541666666666668,3.2042566791666665,6.958333333333333,24,4,Hon_4,21.296868386,-157.864308776
Honolulu,HNL38,2024-12-21,0.5885416666666666,0.5,22.59375,22.005208333333332,3.3775978091666667,5.291666666666667,24,5,Hon_5,21.296868386,-157.864308776
Honolulu,HNL38,2024-12-26,0.4375,0.375,23.520833333333332,23.083333333333332,1.6095112708333335,8,24,6,Hon_6,21.296868386,-157.864308776
Honolulu,HNL38,2025-01-03,0.5286458333333334,0.53125,22.359375,21.830729166666668,3.27522905,7.458333333333333,24,7,Hon_7,21.296868386,-157.864308776
Honolulu,HNL43,2024-11-30,-0.1953125,-0.25,21.755208333333332,21.950520833333332,6.923625725,14.75,24,1,Hon_1,21.304100638,-157.83255782
Honolulu,HNL43,2024-12-01,0.03125,0.0625,21.729166666666668,21.697916666666668,1.70763501625,5.208333333333333,24,2,Hon_2,21.304100638,-157.83255782
Honolulu,HNL43,2024-12-07,0.125,0.125,22.760416666666668,22.635416666666668,5.9895923458333336,20.25,24,3,Hon_3,21.304100638,-157.83255782
Honolulu,HNL43,2024-12-16,-0.13020833333333334,-0.125,21.411458333333332,21.541666666666668,3.2042566791666665,6.958333333333333,24,4,Hon_4,21.304100638,-157.83255782
Honolulu,HNL43,2024-12-21,-0.3697916666666667,-0.28125,21.635416666666668,22.005208333333332,3.3775978091666667,5.291666666666667,24,5,Hon_5,21.304100638,-157.83255782
Honolulu,HNL43,2024-12-26,0.0625,0.21875,23.145833333333332,23.083333333333332,1.6095112708333335,8,24,6,Hon_6,21.304100638,-157.83255782
Honolulu,HNL43,2025-01-03,-0.18489583333333334,-0.15625,21.645833333333332,21.830729166666668,3.27522905,7.458333333333333,24,7,Hon_7,21.304100638,-157.83255782
Honolulu,HNL44,2024-11-30,0.5911458333333334,0.625,22.541666666666668,21.950520833333332,6.923625725,14.75,24,1,Hon_1,21.301826,-157.839045
Honolulu,HNL44,2024-12-01,0.7760416666666666,0.75,22.473958333333332,21.697916666666668,1.70763501625,5.208333333333333,24,2,Hon_2,21.301826,-157.839045
Honolulu,HNL44,2024-12-07,0.7604166666666666,0.75,23.395833333333332,22.635416666666668,5.9895923458333336,20.25,24,3,Hon_3,21.301826,-157.839045
Honolulu,HNL44,2024-12-16,0.8802083333333334,0.875,22.421875,21.541666666666668,3.2042566791666665,6.958333333333333,24,4,Hon_4,21.301826,-157.839045
Honolulu,HNL44,2024-12-21,1.1197916666666667,1.125,23.125,22.005208333333332,3.3775978091666667,5.291666666666667,24,5,Hon_5,21.301826,-157.839045
Honolulu,HNL44,2024-12-26,0.6979166666666666,0.71875,23.78125,23.083333333333332,1.6095112708333335,8,24,6,Hon_6,21.301826,-157.839045
Honolulu,HNL44,2025-01-03,0.9557291666666666,1.03125,22.786458333333332,21.830729166666668,3.27522905,7.458333333333333,24,7,Hon_7,21.301826,-157.839045
Honolulu,HNL45,2024-11-30,-0.3567708333333333,-0.3125,21.59375,21.950520833333332,6.923625725,14.75,24,1,Hon_1,21.308150326,-157.852493874
Honolulu,HNL45,2024-12-01,-0.234375,-0.125,21.463541666666668,21.697916666666668,1.70763501625,5.208333333333333,24,2,Hon_2,21.308150326,-157.852493874
Honolulu,HNL45,2024-12-07,-0.046875,0,22.588541666666668,22.635416666666668,5.9895923458333336,20.25,24,3,Hon_3,21.308150326,-157.852493874
Honolulu,HNL45,2024-12-16,-0.11458333333333333,-0.09375,21.427083333333332,21.541666666666668,3.2042566791666665,6.958333333333333,24,4,Hon_4,21.308150326,-157.852493874
Honolulu,HNL45,2024-12-21,0.036458333333333336,0.125,22.041666666666668,22.005208333333332,3.3775978091666667,5.291666666666667,24,5,Hon_5,21.308150326,-157.852493874
Honolulu,HNL45,2024-12-26,-0.06770833333333333,-0.125,23.015625,23.083333333333332,1.6095112708333335,8,24,6,Hon_6,21.308150326,-157.852493874
Honolulu,HNL45,2025-01-03,0.1953125,0.25,22.026041666666668,21.830729166666668,3.27522905,7.458333333333333,24,7,Hon_7,21.308150326,-157.852493874
Honolulu,HNL47,2024-11-30,0.2786458333333333,0.25,22.229166666666668,21.950520833333332,6.923625725,14.75,24,1,Hon_1,21.288078708,-157.824414177
Honolulu,HNL47,2024-12-01,0.07291666666666667,0.0625,21.770833333333332,21.697916666666668,1.70763501625,5.208333333333333,24,2,Hon_2,21.288078708,-157.824414177
Honolulu,HNL47,2024-12-07,0.15104166666666666,0.125,22.786458333333332,22.635416666666668,5.9895923458333336,20.25,24,3,Hon_3,21.288078708,-157.824414177
Honolulu,HNL47,2024-12-16,0.09895833333333333,0.0625,21.640625,21.541666666666668,3.2042566791666665,6.958333333333333,24,4,Hon_4,21.288078708,-157.824414177
Honolulu,HNL47,2024-12-21,0.171875,0.125,22.177083333333332,22.005208333333332,3.3775978091666667,5.291666666666667,24,5,Hon_5,21.288078708,-157.824414177
Honolulu,HNL47,2024-12-26,0.21354166666666666,0.1875,23.296875,23.083333333333332,1.6095112708333335,8,24,6,Hon_6,21.288078708,-157.824414177
Honolulu,HNL47,2025-01-03,0.16927083333333334,0.15625,22,21.830729166666668,3.27522905,7.458333333333333,24,7,Hon_7,21.288078708,-157.824414177
Honolulu,HNL50,2024-11-30,-0.4244791666666667,-0.40625,21.526041666666668,21.950520833333332,6.923625725,14.75,24,1,Hon_1,21.292910827,-157.827396642
Honolulu,HNL50,2024-12-01,-0.5989583333333334,-0.625,21.098958333333332,21.697916666666668,1.70763501625,5.208333333333333,24,2,Hon_2,21.292910827,-157.827396642
Honolulu,HNL50,2024-12-07,-0.4322916666666667,-0.4375,22.203125,22.635416666666668,5.9895923458333336,20.25,24,3,Hon_3,21.292910827,-157.827396642
Honolulu,HNL50,2024-12-16,-0.328125,-0.25,21.213541666666668,21.541666666666668,3.2042566791666665,6.958333333333333,24,4,Hon_4,21.292910827,-157.827396642
Honolulu,HNL50,2024-12-21,-0.4635416666666667,-0.5,21.541666666666668,22.005208333333332,3.3775978091666667,5.291666666666667,24,5,Hon_5,21.292910827,-157.827396642
Honolulu,HNL50,2024-12-26,-0.4114583333333333,-0.3125,22.671875,23.083333333333332,1.6095112708333335,8,24,6,Hon_6,21.292910827,-157.827396642
Honolulu,HNL50,2025-01-03,-0.4557291666666667,-0.46875,21.375,21.830729166666668,3.27522905,7.458333333333333,24,7,Hon_7,21.292910827,-157.827396642
Honolulu,Hnl15a,2024-11-30,-0.12760416666666666,-0.125,21.822916666666668,21.950520833333332,6.923625725,14.75,24,1,Hon_1,21.293465603,-157.840659614
Honolulu,Hnl15a,2024-12-01,-0.11979166666666667,-0.125,21.578125,21.697916666666668,1.70763501625,5.208333333333333,24,2,Hon_2,21.293465603,-157.840659614
Honolulu,Hnl15a,2024-12-07,0.03125,0,22.666666666666668,22.635416666666668,5.9895923458333336,20.25,24,3,Hon_3,21.293465603,-157.840659614
Honolulu,Hnl15a,2024-12-16,-0.28125,-0.1875,21.260416666666668,21.541666666666668,3.2042566791666665,6.958333333333333,24,4,Hon_4,21.293465603,-157.840659614
Honolulu,Hnl15a,2024-12-21,-0.1875,-0.125,21.817708333333332,22.005208333333332,3.3775978091666667,5.291666666666667,24,5,Hon_5,21.293465603,-157.840659614
Honolulu,Hnl15a,2024-12-26,-0.11458333333333333,0,22.96875,23.083333333333332,1.6095112708333335,8,24,6,Hon_6,21.293465603,-157.840659614
Honolulu,Hnl15a,2025-01-03,-0.3828125,-0.28125,21.447916666666668,21.830729166666668,3.27522905,7.458333333333333,24,7,Hon_7,21.293465603,-157.840659614
Honolulu,Hnl21a,2024-11-30,0.4713541666666667,0.4375,22.421875,21.950520833333332,6.923625725,14.75,24,1,Hon_1,21.276858497,-157.811028864
Honolulu,Hnl21a,2024-12-01,0.5,0.5,22.197916666666668,21.697916666666668,1.70763501625,5.208333333333333,24,2,Hon_2,21.276858497,-157.811028864
Honolulu,Hnl21a,2024-12-07,-0.11458333333333333,-0.0625,22.520833333333332,22.635416666666668,5.9895923458333336,20.25,24,3,Hon_3,21.276858497,-157.811028864
Honolulu,Hnl21a,2024-12-16,0.5104166666666666,0.53125,22.052083333333332,21.541666666666668,3.2042566791666665,6.958333333333333,24,4,Hon_4,21.276858497,-157.811028864
Honolulu,Hnl21a,2024-12-21,0.5677083333333334,0.53125,22.572916666666668,22.005208333333332,3.3775978091666667,5.291666666666667,24,5,Hon_5,21.276858497,-157.811028864
Honolulu,Hnl21a,2024-12-26,0.2916666666666667,0.25,23.375,23.083333333333332,1.6095112708333335,8,24,6,Hon_6,21.276858497,-157.811028864
Honolulu,Hnl21a,2025-01-03,0.7421875,0.75,22.572916666666668,21.830729166666668,3.27522905,7.458333333333333,24,7,Hon_7,21.276858497,-157.811028864
Honolulu,ID06,2024-11-30,3.8776041666666665,3.5625,25.828125,21.950520833333332,6.923625725,14.75,24,1,Hon_1,21.292148013,-157.854168527
Honolulu,ID06,2024-12-01,0.18229166666666666,0.0625,21.880208333333332,21.697916666666668,1.70763501625,5.208333333333333,24,2,Hon_2,21.292148013,-157.854168527
Honolulu,ID06,2024-12-07,0.052083333333333336,0.125,22.6875,22.635416666666668,5.9895923458333336,20.25,24,3,Hon_3,21.292148013,-157.854168527
Honolulu,ID06,2024-12-16,0.08333333333333333,0.25,21.625,21.541666666666668,3.2042566791666665,6.958333333333333,24,4,Hon_4,21.292148013,-157.854168527
Honolulu,ID06,2024-12-21,0,0.125,22.005208333333332,22.005208333333332,3.3775978091666667,5.291666666666667,24,5,Hon_5,21.292148013,-157.854168527
Honolulu,ID06,2024-12-26,-0.20833333333333334,-0.21875,22.875,23.083333333333332,1.6095112708333335,8,24,6,Hon_6,21.292148013,-157.854168527
Honolulu,ID06,2025-01-03,0.0703125,0.15625,21.901041666666668,21.830729166666668,3.27522905,7.458333333333333,24,7,Hon_7,21.292148013,-157.854168527
Honolulu,ID07,2024-11-30,1.2526041666666667,1.375,23.203125,21.950520833333332,6.923625725,14.75,24,1,Hon_1,21.288479952,-157.838594776
Honolulu,ID07,2024-12-01,1.1458333333333333,1.25,22.84375,21.697916666666668,1.70763501625,5.208333333333333,24,2,Hon_2,21.288479952,-157.838594776
Honolulu,ID07,2024-12-07,1.109375,1.125,23.744791666666668,22.635416666666668,5.9895923458333336,20.25,24,3,Hon_3,21.288479952,-157.838594776
Honolulu,ID07,2024-12-16,1.1822916666666667,1.15625,22.723958333333332,21.541666666666668,3.2042566791666665,6.958333333333333,24,4,Hon_4,21.288479952,-157.838594776
Honolulu,ID07,2024-12-21,1.3854166666666667,1.4375,23.390625,22.005208333333332,3.3775978091666667,5.291666666666667,24,5,Hon_5,21.288479952,-157.838594776
Honolulu,ID07,2024-12-26,0.9739583333333334,0.9375,24.057291666666668,23.083333333333332,1.6095112708333335,8,24,6,Hon_6,21.288479952,-157.838594776
Honolulu,ID07,2025-01-03,1.1171875,1.25,22.947916666666668,21.830729166666668,3.27522905,7.458333333333333,24,7,Hon_7,21.288479952,-157.838594776
Honolulu,ID22,2024-11-30,-0.3463541666666667,-0.21875,21.604166666666668,21.950520833333332,6.923625725,14.75,24,1,Hon_1,21.295181993,-157.81514378400001
Honolulu,ID22,2024-12-01,-0.375,-0.4375,21.322916666666668,21.697916666666668,1.70763501625,5.208333333333333,24,2,Hon_2,21.295181993,-157.81514378400001
Honolulu,ID22,2024-12-07,-0.3854166666666667,-0.375,22.25,22.635416666666668,5.9895923458333336,20.25,24,3,Hon_3,21.295181993,-157.81514378400001
Honolulu,ID22,2024-12-16,-0.3072916666666667,-0.3125,21.234375,21.541666666666668,3.2042566791666665,6.958333333333333,24,4,Hon_4,21.295181993,-157.81514378400001
Honolulu,ID22,2024-12-21,-0.4895833333333333,-0.5,21.515625,22.005208333333332,3.3775978091666667,5.291666666666667,24,5,Hon_5,21.295181993,-157.81514378400001
Honolulu,ID22,2024-12-26,-0.625,-0.625,22.458333333333332,23.083333333333332,1.6095112708333335,8,24,6,Hon_6,21.295181993,-157.81514378400001
Honolulu,ID22,2025-01-03,-0.5963541666666666,-0.65625,21.234375,21.830729166666668,3.27522905,7.458333333333333,24,7,Hon_7,21.295181993,-157.81514378400001
Honolulu,ID26,2024-11-30,0.8619791666666666,0.625,22.8125,21.950520833333332,6.923625725,14.75,24,1,Hon_1,21.296077264,-157.845905829
Honolulu,ID26,2024-12-01,0.8541666666666666,0.875,22.552083333333332,21.697916666666668,1.70763501625,5.208333333333333,24,2,Hon_2,21.296077264,-157.845905829
Honolulu,ID26,2024-12-07,0.9895833333333334,1,23.625,22.635416666666668,5.9895923458333336,20.25,24,3,Hon_3,21.296077264,-157.845905829
Honolulu,ID26,2024-12-16,0.8697916666666666,0.875,22.411458333333332,21.541666666666668,3.2042566791666665,6.958333333333333,24,4,Hon_4,21.296077264,-157.845905829
Honolulu,ID26,2024-12-21,1.1875,1.3125,23.192708333333332,22.005208333333332,3.3775978091666667,5.291666666666667,24,5,Hon_5,21.296077264,-157.845905829
Honolulu,ID26,2024-12-26,0.828125,0.8125,23.911458333333332,23.083333333333332,1.6095112708333335,8,24,6,Hon_6,21.296077264,-157.845905829
Honolulu,ID26,2025-01-03,1.0442708333333333,1,22.875,21.830729166666668,3.27522905,7.458333333333333,24,7,Hon_7,21.296077264,-157.845905829
Honolulu,ID27,2024-11-30,0.2734375,0.25,22.223958333333332,21.950520833333332,6.923625725,14.75,24,1,Hon_1,21.299212947,-157.827035957
Honolulu,ID27,2024-12-01,0.041666666666666664,0,21.739583333333332,21.697916666666668,1.70763501625,5.208333333333333,24,2,Hon_2,21.299212947,-157.827035957
Honolulu,ID27,2024-12-07,0.020833333333333332,0,22.65625,22.635416666666668,5.9895923458333336,20.25,24,3,Hon_3,21.299212947,-157.827035957
Honolulu,ID27,2024-12-16,0.11458333333333333,0.09375,21.65625,21.541666666666668,3.2042566791666665,6.958333333333333,24,4,Hon_4,21.299212947,-157.827035957
Honolulu,ID27,2024-12-21,0.020833333333333332,-0.03125,22.026041666666668,22.005208333333332,3.3775978091666667,5.291666666666667,24,5,Hon_5,21.299212947,-157.827035957
Honolulu,ID27,2024-12-26,0.010416666666666666,0,23.09375,23.083333333333332,1.6095112708333335,8,24,6,Hon_6,21.299212947,-157.827035957
Honolulu,ID27,2025-01-03,0.013020833333333334,0,21.84375,21.830729166666668,3.27522905,7.458333333333333,24,7,Hon_7,21.299212947,-157.827035957
Honolulu,ID41,2024-11-30,-0.4505208333333333,-0.5,21.5,21.950520833333332,6.923625725,14.75,24,1,Hon_1,21.299348096,-157.823310616
Honolulu,ID41,2024-12-01,-0.7395833333333334,-0.75,20.958333333333332,21.697916666666668,1.70763501625,5.208333333333333,24,2,Hon_2,21.299348096,-157.823310616
Honolulu,ID41,2024-12-07,-0.828125,-0.875,21.807291666666668,22.635416666666668,5.9895923458333336,20.25,24,3,Hon_3,21.299348096,-157.823310616
Honolulu,ID41,2024-12-16,-0.6875,-0.625,20.854166666666668,21.541666666666668,3.2042566791666665,6.958333333333333,24,4,Hon_4,21.299348096,-157.823310616
Honolulu,ID41,2024-12-21,-0.7552083333333334,-0.75,21.25,22.005208333333332,3.3775978091666667,5.291666666666667,24,5,Hon_5,21.299348096,-157.823310616
Honolulu,ID41,2024-12-26,-0.671875,-0.65625,22.411458333333332,23.083333333333332,1.6095112708333335,8,24,6,Hon_6,21.299348096,-157.823310616
Honolulu,ID41,2025-01-03,-0.7005208333333334,-0.6875,21.130208333333332,21.830729166666668,3.27522905,7.458333333333333,24,7,Hon_7,21.299348096,-157.823310616
Honolulu,ID46,2024-11-30,0.044270833333333336,0,21.994791666666668,21.950520833333332,6.923625725,14.75,24,1,Hon_1,21.287044128,-157.830554688
Honolulu,ID46,2024-12-01,-0.2760416666666667,-0.3125,21.421875,21.697916666666668,1.70763501625,5.208333333333333,24,2,Hon_2,21.287044128,-157.830554688
Honolulu,ID46,2024-12-07,-0.16666666666666666,-0.125,22.46875,22.635416666666668,5.9895923458333336,20.25,24,3,Hon_3,21.287044128,-157.830554688
Honolulu,ID46,2024-12-16,0.03125,0,21.572916666666668,21.541666666666668,3.2042566791666665,6.958333333333333,24,4,Hon_4,21.287044128,-157.830554688
Honolulu,ID46,2024-12-21,-0.08854166666666667,0,21.916666666666668,22.005208333333332,3.3775978091666667,5.291666666666667,24,5,Hon_5,21.287044128,-157.830554688
Honolulu,ID46,2024-12-26,-0.25,-0.15625,22.833333333333332,23.083333333333332,1.6095112708333335,8,24,6,Hon_6,21.287044128,-157.830554688
Honolulu,ID46,2025-01-03,-0.16927083333333334,-0.15625,21.661458333333332,21.830729166666668,3.27522905,7.458333333333333,24,7,Hon_7,21.287044128,-157.830554688
