term,estimate,se,z,p,lo,hi,natural_unit,estimate_natural,se_natural,region
Intercept,0.09179161944400847,0.15879442041070818,0.5780531784844662,0.5632282167959018,-0.21944544456097953,0.4030286834489965,,,,Ewa
imperv_z,0.3258803885507576,0.1214987124824293,2.6821715382200884,0.007314594226656232,0.08774291208519622,0.564017865016319,per +10 pp,0.12987673949202116,0.04842223461151499,Ewa
tree_z,-0.14256485771982275,0.07713104230046353,-1.8483460545555987,0.0645522972974143,-0.2937417006287313,0.008611985189085763,per +10 pp,-0.12495448681102965,0.06760340494847038,Ewa
bldg_z,0.08876973955807586,0.17889026030016744,0.4962245535845574,0.6197359894278518,-0.2618551706302523,0.4393946497464041,per +10 pp,0.07691679770064248,0.15500401410011191,Ewa
water_z,-0.19517875515914102,0.2216581753355407,-0.8805393929805847,0.37856717465613987,-0.6296287788168007,0.2392712684985187,per +10 pp,-0.22210288308848822,0.2522350332750933,Ewa
height_z,0.6146029890857188,0.1516582051860095,4.052553492453015,5.0661635465241776e-05,0.31735290692114015,0.9118530712502974,per +1 m,0.1245442764184217,0.030732296723623237,Ewa
svf_point_z,-0.08164002214311912,0.12014516770341432,-0.6795114918367129,0.49681382871546176,-0.3171245508418112,0.15384450655557297,per -0.1,0.03215231087052706,0.047316802227464434,Ewa
aspect_z,-0.6337209246449266,0.3088428637114763,-2.051920245231744,0.04017741398203771,-1.2390529375194201,-0.028388911770433012,per +0.1,-0.18911480771475722,0.09216479449151231,Ewa
coast_km_z,-0.05015837633871012,0.07759492253384381,-0.6464131247354882,0.5180118427883436,-0.20224442450504398,0.10192767182762374,per +1 km,-0.045221013285319876,0.06995683032244168,Ewa
