term,estimate,se,z,p,lo,hi,natural_unit,estimate_natural,se_natural
Intercept,0.23071719777585842,0.11950196562973749,1.9306560905509118,0.05352559640610818,-0.0035066548584270496,0.4649410504101439,,,
region[T.Honolulu],-0.3382060443139726,0.17729855067993253,-1.9075510939991702,0.05644926126778879,-0.6857112036466404,0.009299115018695125,,,
imperv_z,0.40341329714012014,0.11703867779416878,3.4468374450503183,0.0005671897435402884,0.17401748866354932,0.6328091056166909,per +10 pp,0.16077679277752568,0.046644727330673
tree_z,-0.14306893609296256,0.07501273550477479,-1.907261948657449,0.05648667501883842,-0.29009389768232113,0.0039560254963960095,per +10 pp,-0.1253962987374443,0.06574676269597508
bldg_z,-0.25455000818130663,0.13975785820018102,-1.8213645476500078,0.0685514605283251,-0.5284754102536614,0.019375393891048143,per +10 pp,-0.22056132620694188,0.12109674940775493
water_z,0.11089661000835585,0.0860829918135628,1.2882522746018632,0.1976581604726545,-0.057826053946227224,0.27961927396293895,per +10 pp,0.12619435341470867,0.09795779592448944
height_z,0.27688337268557,0.1067067030805276,2.5948076802318254,0.009464386063876824,0.06773823464773593,0.4860285107234041,per +1 m,0.05610815423258611,0.021623241930428267
svf_point_z,-0.03090946214455942,0.07554870578125239,-0.4091329139913563,0.682442123035556,-0.1789849254758141,0.11716600118669526,per -0.1,0.012173081408170439,0.02975336618463216
aspect_z,-0.08129214189767375,0.1447062892848353,-0.5617733845531818,0.5742704280952142,-0.364916468895951,0.20233218510060347,per +0.1,-0.02425917653313029,0.04318320732197973
coast_km_z,-0.19642208681329035,0.07963230267798878,-2.466613173394815,0.013639761805483742,-0.35250140006214836,-0.04034277356443233,per +1 km,-0.1770871875383851,0.07179366000655014
