sensor_id,dT_site,region,pred_full,pred_parsimonious,pred_region only,pred_regional_full,pred_regional_best
AD1,-0.6555989583333333,Ewa,0.18410906726101392,-0.0164877825842338,-0.006879926801801784,0.08326428647385381,-0.14396753420397335
AD3,0.18294270833333331,Ewa,0.01199828859613855,0.12828739960275176,-0.02954321509009017,0.1302488542797494,0.11157932500051752
EWA03,0.3860677083333333,Ewa,-0.2848192935827881,0.11294128122143385,-0.03503307995495493,-0.1617842447738413,-0.0037560861899257727
EWA04,0.279296875,Ewa,0.20007250547679775,0.16399823337983083,-0.03214738175675684,0.35522224562392074,0.5086251735747089
EWA05,0.228515625,Ewa,-0.011176046805880493,0.09180064201014693,-0.030774915540540484,-0.346884413159976,-0.18188678029569502
EWA07,-0.14127604166666666,Ewa,0.14353528978385416,-0.03849417472033782,-0.02078054617117109,0.12048525424410152,0.04006478196086018
EWA08,-0.38736979166666663,Ewa,0.34443790941858543,0.10131345452567805,-0.014129363738738753,0.03449603978192791,-0.13060327073936928
EWA09,0.07096354166666666,Ewa,0.09809542134013573,0.12408185765094198,-0.02651675112612624,0.06562044252359911,0.08224822256194811
EWA12,-0.341796875,Ewa,0.3284239041390567,0.11804694314867742,-0.015361064189189236,-0.08111095076433672,0.12183675261041563
EWA13,-0.4811197916666667,Ewa,-0.44676698249853575,-0.33319848623634224,-0.011595579954955079,-0.44316319570460033,-0.4804173833976702
EWA14,1.0787760416666667,Ewa,0.527331414091737,0.23527187708569022,-0.05375492680180166,0.7035962247309037,0.7506058250875915
EWA15,-0.22981770833333334,Ewa,-0.18224056089425375,-0.01740997006404221,-0.018387528153153167,-0.1678434866263834,-0.012828237274493016
EWA16,-1.4016927083333333,Ewa,-0.7990836672979477,-0.45733403840366926,0.013284769144144093,-0.8712509142094195,-0.8330556370640565
EWA17,-0.6608072916666667,Ewa,-0.16914625962122218,-0.11170014285302171,-0.006739161036036006,-0.6569234624176339,-0.25986154262716094
EWA18,0.03580729166666667,Ewa,0.2641353204540981,0.12727390364582494,-0.025566582207207183,0.056199014116252374,0.14065145222412148
EWA19,-0.38736979166666663,Ewa,-0.15701868280264802,0.032520569530394956,-0.014129363738738753,-0.11321393730068596,-0.05590560346514725
EWA20,-0.020182291666666685,Ewa,-0.3125106156850545,-0.03748190251044437,-0.024053350225225215,-0.6055994119405351,-0.20854880937673884
EWA21,0.38346354166666663,Ewa,0.1902882505821371,0.10140319268679959,-0.034962697072072085,-0.09392420679791687,-0.24799216612851638
EWA23,-0.931640625,Ewa,-0.29492010545697434,-0.3665843412727876,0.0005806587837837395,-0.4889452951294581,-0.6478752400461226
EWA24,0.9329427083333333,Ewa,0.2114461293242252,0.04492036474223329,-0.04981348536036033,0.20834700929643,0.36124031955554425
EWA25,0.6126302083333334,Ewa,0.582206142715017,0.2798586479470331,-0.04115639076576583,0.7940612948634153,0.8597602199253617
EWA26,1.6061197916666665,Ewa,0.18451490832065806,0.49573452384623,-0.06800746058558575,1.166518562228189,1.148808355319873
EWA28,-0.568359375,Ewa,-0.3130592163058796,-0.1006525705129497,-0.009237753378378396,-0.23229095167976188,-0.009076831453090595
EWA29,0.18815104166666663,Ewa,0.14373601735344135,-0.17629636501163973,-0.0296839808558558,-0.3264205647817739,-0.3422833080848047
EWA31,0.17252604166666666,Ewa,0.08097868352321713,-0.12170595461805701,-0.029261683558558602,0.08109712862810332,0.06946359815554963
EWA32,1.189453125,Ewa,0.21556157203916435,0.4690431860147728,-0.05674619932432427,1.1857756698066744,1.2293493787144079
EWA33,0.04752604166666668,Ewa,-0.4820990009004544,-0.2172457186828678,-0.025883305180180182,-0.6002108513118978,-0.22324885575285858
EWA35,-0.7376302083333333,Ewa,0.30604234980367373,-0.1684665429299726,-0.004662865990991068,0.12001720704510031,-0.08579470584724312
EWA36,-0.27408854166666663,Ewa,-0.5255436656783817,-0.2637906009596961,-0.017191019144144178,0.24238698914973617,0.006165570632929048
EWA37,-0.4811197916666667,Ewa,0.25701277377746523,0.22499845392550508,-0.011595579954954995,0.1910617591020755,-0.03220587503683678
EWA38,-0.45768229166666663,Ewa,-0.6749470531706157,-0.4308514744974216,-0.012229025900900883,-0.655343157683334,-0.7020906830523005
EWA39,0.19466145833333334,Ewa,-0.2740580548719157,-0.16408022138319264,-0.029859938063062974,-0.17650144443183235,-0.26695845209622315
EWA40,-0.08268229166666669,Ewa,-0.09633709015445012,0.07422026814834021,-0.022364161036036126,0.4428223915518201,0.35175330282069406
EWA42,-0.2259114583333334,Ewa,-0.6948364398775291,-0.5913217895732347,-0.018493102477477468,-0.9963393920125049,-1.1691150113634616
EWA45,0.255859375,Ewa,0.07727114895695458,0.1246459613278943,-0.03151393581081085,0.07499465138516744,-0.08026987370663306
EWA46,0.7662760416666667,Ewa,0.056590478869092166,-0.31373839553862226,-0.0453089808558558,-0.3426294528067786,-0.34336087274813565
EWA48,-0.26497395833333337,Ewa,0.0733879542177181,0.0107532520404547,-0.017437359234234166,-0.16236306612715626,-0.2519033323203416
EWA50,-0.791015625,Ewa,-0.38236384133948753,-0.17461348167062699,-0.0032200168918918824,-0.36497351482745527,-0.2457483809634929
HNL01,-1.873046875,Honolulu,-0.6940337081788672,-0.18398346379168232,0.09068638310191142,-0.884502312560547,-0.8117015955942507
HNL03,-0.6123511904761905,Honolulu,0.11288095797738587,-0.05756653982460301,0.05775046892724882,-0.11608308458948546,-0.08901529502513839
HNL04,-1.015625,Honolulu,0.18038721244494843,0.10477525985887862,0.0693491714210656,-0.0538546698541754,-0.32609700480007525
HNL05,-0.10342261904761904,Honolulu,-0.21009029591438055,0.03520158319350611,0.043144991404252896,-0.39448281122742246,-0.20582948394702613
HNL08,1.5238095238095237,Honolulu,-0.2535482388494759,-0.2074178562047186,-0.003440554112798401,-0.224784374762561,-0.21433728808389652
HNL09,0.3482142857142857,Honolulu,-0.22205520177175173,0.16907479753140545,0.03022519822804861,-0.36223681317644113,0.1309030894436558
HNL12,-0.36979166666666663,Honolulu,-0.29035839633372973,-0.5356332316712376,0.0507865047752737,0.444556722787303,0.3110596319666658
HNL14,-1.0186011904761905,Honolulu,0.31601393096671987,-0.5139081010789773,0.0694553551767557,0.17647473967118749,0.041928275202403144
HNL17,0.020089285714285726,Honolulu,-0.5369718388567702,-0.18181956903532828,0.039612404948926414,0.5945447953338278,0.4772085825192428
HNL18,0.09895833333333333,Honolulu,0.2742641307801321,0.26453333824661734,0.03734483101966442,0.41580208391344164,0.07338639881699871
HNL20,-0.7046130952380952,Honolulu,-0.6280419662166222,0.07500912015967627,0.060397945952686743,-0.9059664777093702,-1.0907775365312145
HNL21,0.9657738095238094,Honolulu,0.1688750081540675,0.1429648140526955,0.012614637665511852,0.07978847678563425,0.6572210320477879
HNL22,0.10491071428571427,Honolulu,0.004259679959556024,0.07145449883974922,0.03718000550571663,-0.11313320477561443,0.3263726315287194
HNL26,0.9821428571428571,Honolulu,-0.13560056148772479,-0.5495313988080857,0.012138971858764204,0.596926084415642,0.3465201853100202
HNL30,-0.6369047619047619,Honolulu,-0.498134461914361,-0.08862408284938589,0.058457710421794686,-0.31810402931738896,-0.3050834127369865
HNL31,-0.17782738095238096,Honolulu,-0.18617290797281635,0.011823506454506555,0.045277950493643714,-0.195254287395322,0.1916341650453458
HNL32,-0.004464285714285714,Honolulu,0.04349857138502372,0.0027639971201569064,0.04031533125514527,0.39616313115768903,0.3646114036812678
HNL33,1.40625,Honolulu,0.772049890941075,0.46550260412678734,0.00010504567430212608,0.9156620797547897,0.6562041057510425
HNL34,0.5013020833333334,Honolulu,0.06509646186359934,0.026965242938731142,0.026019038595891924,0.2799511000514941,0.26650410440035766
HNL35,-0.0052083333333333304,Honolulu,0.37680261916700225,0.07182404045136921,0.04032932373808464,0.4919061436874239,-0.08247950144664751
HNL37,-0.7008928571428571,Honolulu,0.030001447113230904,0.29896570285576685,0.06029490198031134,-0.3842605964786194,-0.05560014629036928
HNL38,0.4523809523809524,Honolulu,1.7762620842182206,0.6246437002287499,0.02724893863656902,1.270113691810387,0.9859717509797548
HNL43,-0.0944940476190476,Honolulu,-0.07212571640462721,0.31727075131920046,0.042889926751366346,-0.2791716303805385,-0.2172387063107861
HNL44,0.8258928571428571,Honolulu,0.39700803716497063,0.16667010791848935,0.016597274721595025,0.10083209488203901,0.003334553385037043
HNL45,-0.08407738095238095,Honolulu,0.626224218133529,0.6192014965250415,0.04259118891302543,0.06255948038655597,-0.0018783123645121872
HNL47,0.1651785714285714,Honolulu,0.5519994256702436,0.3797744190729201,0.03546141558770734,0.7214564658192704,0.3691434500260041
HNL50,-0.4449404761904762,Honolulu,-0.015854006128334045,-0.05204683903793423,0.052947912863068734,-0.02353142382253004,-0.2007374480658582
Hnl15a,-0.1688988095238095,Honolulu,0.8311972089327401,0.8020873040221504,0.04502508954216525,0.6214833009294819,0.9033255494812632
Hnl21a,0.42410714285714285,Honolulu,-0.236734466015811,-0.004379598286863134,0.028046456071770448,-0.28213602203145643,0.021670185761321605
ID06,0.5796130952380951,Honolulu,-0.3683771287824286,-0.621690158566758,0.023171242398915427,0.44381515579861447,0.320255395446044
ID07,1.1666666666666667,Honolulu,0.8212019282434372,0.31300949704658515,0.006907317142876915,0.5120548130849762,0.5105581951115027
ID22,-0.44642857142857145,Honolulu,-0.4451091461341214,-0.1905877862781729,0.05298868195491438,-1.126033514991372,-1.1280332000603006
ID26,0.9479166666666666,Honolulu,-0.27466036628716184,0.6683130403739924,0.013126428342746303,1.5185326384163027,0.5445098397944423
ID27,0.07068452380952377,Honolulu,-0.21882162630903615,-0.007871269698562337,0.03816422008110189,-0.4200837260965587,-0.31409423597708597
ID41,-0.6904761904761905,Honolulu,-0.372969403166905,-0.13038625669710532,0.06000427191051336,-0.6673260431713343,-0.6359914533812854
ID46,-0.12499999999999999,Honolulu,-0.2769080723660961,-0.9706567404087713,0.04376717869025899,-0.22683588844129762,-0.38039456766802454
