region,night_id,mean,std,size
Ewa,Ewa_1,-0.03961074561403508,0.966365239463908,38
Ewa,Ewa_2,-0.016721491228070172,0.9024225604735191,38
Ewa,Ewa_3,0.036458333333333315,0.8769175082911718,38
Ewa,Ewa_4,-0.07593201754385966,0.6622325149266775,38
Honolulu,Hon_1,0.2270220588235294,1.0795390890709826,34
Honolulu,Hon_2,0.04940476190476188,0.640356396229743,35
Honolulu,Hon_3,0.058482142857142844,0.6388329361827635,35
Honolulu,Hon_4,0.010706018518518524,0.7732095618152842,36
Honolulu,Hon_5,0.022280092592592598,0.822885219327465,36
Honolulu,Hon_6,-0.0030381944444444445,0.5920602718586958,36
Honolulu,Hon_7,0.047019675925925916,0.7691810699707838,36
