scope,predictor,beta_z,se_z,lrt_chi2,lrt_p,r2m,beta_natural,se_natural,natural_unit,aic
pooled (region-adjusted),imperv,0.2739256532360965,0.07516034454997925,12.747244871474777,0.0003565339611922263,0.11119457870463448,0.10917064038048117,0.029954488923557263,per +10 pp,730.0138648469369
pooled (region-adjusted),tree,-0.16867912161538143,0.07796347764742659,4.72651511972299,0.029701005328004224,0.044483169298396324,-0.14784297767551863,0.06833301344559069,per +10 pp,738.0345945986887
pooled (region-adjusted),bldg,0.1479941895872408,0.08375564356238964,3.1846198511248076,0.07433428551249716,0.030777879135422185,0.12823332813658317,0.07257220674799095,per +10 pp,739.5764898672869
pooled (region-adjusted),water,-0.0033607532451181833,0.0893985340300198,0.0014607312969019404,0.9695126618547042,0.001438487194716531,-0.003824355701424212,0.10173070391683867,per +10 pp,742.7596489871148
pooled (region-adjusted),height,0.2766479009516695,0.08831854585642189,9.594218516181172,0.0019519098096091544,0.09619431234564645,0.056060437808754096,0.017897032040769065,per +1 m,733.1668912022305
pooled (region-adjusted),svf_point,-0.08070519727146197,0.08657681340826429,0.8980308997793145,0.3433102485262506,0.010806306529036247,0.031784148551445617,0.03409656864133717,per -0.1,741.8630788186324
pooled (region-adjusted),aspect,0.19204313156371985,0.09200470528429955,4.407573001148194,0.03577971142821614,0.04803298227255082,0.05730945355633152,0.027456016476720704,per +0.1,738.3535367172635
pooled (region-adjusted),coast_km,-0.1787740643465515,0.08628393314554149,4.340383037157608,0.037218549368722584,0.035671168231982554,-0.16117635635360228,0.07779053414200936,per +1 km,738.4207266812541
Honolulu,imperv,0.18810887673956683,0.11556143239029658,2.7023376192760225,0.10020123314366322,0.05729137579635586,0.07496912498812794,0.046055984272713214,per +10 pp,305.7339130810401
Honolulu,tree,-0.15394441009234014,0.11667354540871445,1.7977055542819471,0.17999012986838905,0.039001831010823114,-0.13492837623644194,0.10226140736324095,per +10 pp,306.6385451460342
Honolulu,bldg,0.03305336697397199,0.12785517973702973,0.07063086376319916,0.790420448493007,0.0015813271143148627,0.028639930155458435,0.11078337104252003,per +10 pp,308.3656198365529
Honolulu,water,0.019166774543329566,0.10164613659886892,0.03756645838552686,0.8463162889348406,0.0008412764181092665,0.021810754362633133,0.11566781423012763,per +10 pp,308.3986842419306
Honolulu,height,0.1807626899992285,0.11017085247306682,2.7433966354349195,0.09765699001334596,0.059263242900187335,0.036630082881471765,0.022325223513923475,per +1 m,305.6928540648812
Honolulu,svf_point,-0.006850866132755118,0.1085398406533749,0.004183867351684967,0.9484265409136323,9.418416261561456e-05,0.0026980783670862087,0.04274627329728364,per -0.1,308.43206683296444
Honolulu,aspect,0.18019329371569545,0.1064234610629335,2.9145978562801247,0.08778129264214193,0.06280267984873196,0.05377322851005286,0.03175885723914356,per +0.1,305.521652844036
Honolulu,coast_km,-0.6361656830502749,0.15825451576332616,14.023727964947739,0.0001805182459305968,0.2574670780944507,-0.5735444187948943,0.14267665905828386,per +1 km,294.4125227353684
Ewa,imperv,0.3882349306218664,0.09183864929046832,15.316422865635332,9.09226176818129e-05,0.16822881111839416,0.15472758937816675,0.03660147940243248,per +10 pp,351.8195716943793
Ewa,tree,-0.18842362156280507,0.10440054413350956,3.291554056126188,0.06963708290432546,0.04178548643076724,-0.16514853177721278,0.09150443260450902,per +10 pp,363.84444050388845
Ewa,bldg,0.28485790073637096,0.10466127964142197,7.110478489549905,0.007663465127867564,0.08615192637504407,0.2468223702518558,0.0906864266285373,per +10 pp,360.02551607046473
Ewa,water,-0.33552182998811597,0.3212528698227157,1.1343068006017347,0.28685855148849226,0.014788098428544349,-0.3818057232649383,0.36556841716660726,per +10 pp,366.0016877594129
Ewa,height,0.724863049423456,0.16395644342343005,16.480212183588264,4.9160481838954577e-05,0.17855179708016122,0.1468875771776293,0.033224434265595466,per +1 m,350.6557823764264
Ewa,svf_point,-0.34632845197016354,0.15905433701952285,4.701360252904578,0.030138755243026075,0.058659593813131024,0.1363946231118911,0.06264041036385452,per -0.1,362.43463430711006
Ewa,aspect,0.29050521069652147,0.2548611310200924,1.3472865067901694,0.2457530540630985,0.01751850942126172,0.08669247759459998,0.07605558205899103,per +0.1,365.78870805322447
Ewa,coast_km,-0.018758171632644306,0.09400727697559015,0.04200481347220375,0.837610597185097,0.0005550899105450227,-0.016911702302322425,0.08475362703774533,per +1 km,367.09398974654243
