region,sensor_id,dT_site,dT_sd,n_nights,imperv,tree,bldg,water,height,svf_point,aspect,coast_km
Ewa,AD1,-0.6555989583333333,1.0098468445333988,4,56.14393262728085,1.7250725423296451,17.257474216998318,0.0,3.728926296777924,0.999055221725652,0.2130829640299334,1.506349162672769
Ewa,AD3,0.18294270833333331,0.33330196656889394,4,72.32902917264467,2.152972697116611,18.42272346856656,0.0,4.312490378265007,0.9870760749983069,0.2523859240151595,3.576660864843138
Ewa,EWA03,0.3860677083333333,0.24614885846815054,4,71.06681549992027,3.853140835643943,17.476372689552324,0.0,4.395021003726286,0.9360666101088062,0.3015313199998384,4.7552250800829485
Ewa,EWA04,0.279296875,0.5724602624933628,4,63.013742307814944,15.24845314792371,10.421198940600856,0.0,7.320022527381761,0.9948680690397746,0.1726340769872723,2.8285135074865746
Ewa,EWA05,0.228515625,0.6898350988824601,4,69.09224198380825,27.868329558865742,26.029936289909923,0.0,4.169947663616365,0.9815919667927684,0.359729264516032,0.3104181331200645
Ewa,EWA07,-0.14127604166666666,0.4611428205216819,4,54.45415125621732,0.1882397983600804,6.652034532344885,0.0,3.9224145027597688,0.9992723596657466,0.0989852301434485,3.0269621835043767
Ewa,EWA08,-0.38736979166666663,0.7180778075295026,4,68.14500701441143,11.542510767267506,25.290090411064465,0.0,4.093868845313797,0.9594334867979586,0.3510710895005251,0.1648671529213794
Ewa,EWA09,0.07096354166666666,0.6076452442623991,4,70.15201249243124,5.293349055100545,15.78526467062196,0.0,4.59084570849403,0.9864686349597784,0.2720196991125588,3.1230273020371238
Ewa,EWA12,-0.341796875,0.639842478122464,4,69.44196428571429,33.501227326341294,14.96909087316843,0.0,4.246765625345321,0.9958481308757826,0.2280551010350469,0.4325414762191313
Ewa,EWA13,-0.4811197916666667,0.9809896755080627,4,23.75590149291821,9.758586599483367,2.4395956088528554,0.0,3.1563036185217315,0.9998868093691722,0.0422414825662187,3.1873391406158524
Ewa,EWA14,1.0787760416666667,0.6835209948055644,4,79.7500637592451,1.093540776637123,9.226647302470552,0.0,6.232839036419087,0.0431330085921123,0.0714845475979341,3.218595371657237
Ewa,EWA15,-0.22981770833333334,0.33774863714146103,4,53.31293622717277,18.88386027536971,10.112454424370338,0.0,4.637304284075529,0.998596986624237,0.171700183312113,3.070264011624623
Ewa,EWA16,-1.4016927083333333,0.4524828573765175,4,18.061266775047017,19.119428680737105,0.0,0.0,0.0,0.9999688820238548,0.0,3.6720683982185114
Ewa,EWA17,-0.6608072916666667,0.9688232102526486,4,37.83861304098413,8.54152707316295,12.199294782675462,17.13091477617179,5.352407805968296,0.9784486006770436,0.2322178663098933,3.814057254643843
Ewa,EWA18,0.03580729166666667,0.7531682664640796,4,68.43985202194158,12.54621955884228,12.66707590583644,0.0,5.021415631835447,0.9974255889019532,0.256679959375054,2.111466954425961
Ewa,EWA19,-0.38736979166666663,0.9417255634505162,4,62.13096983995409,13.2827445478893,16.258529512836233,0.0,3.774307506988028,0.9750624877273556,0.2201343661703486,3.0779193098940945
Ewa,EWA20,-0.020182291666666685,0.5577594699024969,4,50.70166485934809,40.74263110884267,19.258384337260622,0.0,4.859869487652163,0.9844411181454578,0.267839997396014,0.5186005463227259
Ewa,EWA21,0.38346354166666663,0.6513692752114775,4,70.09697588362894,6.1337756371407615,27.510945754423023,0.0,4.319050938950412,0.9846882504622028,0.3972788489112844,0.7045489606138954
Ewa,EWA23,-0.931640625,1.1497317187034402,4,31.95228526775747,0.1211618786468131,0.0,0.0,0.0,0.9999903756597128,0.0,3.3952474584973493
Ewa,EWA24,0.9329427083333333,0.28987369753941744,4,62.33186715114426,2.949147138530209,1.0766926773054484,0.0,5.0,0.9997975833643528,0.0315007954841657,3.7992157852669113
Ewa,EWA25,0.6126302083333334,0.4693494190195295,4,88.49992029332059,3.7690124677146777,11.77615682476165,0.0,5.0,0.993692405349244,0.0607857930936454,3.050968626218705
Ewa,EWA26,1.6061197916666665,0.7651535508748405,4,98.975782521298,2.891389588447193,42.55236893489774,0.0,9.909624012218323,0.96922266184353,0.2787496309503876,1.4344187965528503
Ewa,EWA28,-0.568359375,0.38833457557286705,4,42.97415304203716,25.164295284884837,3.704863486998928,0.0,4.617242762125163,0.9993187038474124,0.0790822763793894,3.439383060101129
Ewa,EWA29,0.18815104166666663,0.5993709893406057,4,58.74601148691768,0.1723037651563497,0.0,0.0,0.0,0.999939294058476,0.0,3.031520381898172
Ewa,EWA31,0.17252604166666666,0.44216354858408435,4,41.38568423736376,4.687051621337244,0.2609617024116739,0.0,5.0,0.9996412953389524,0.0297520174331791,3.000099333108825
Ewa,EWA32,1.189453125,0.7548861112162006,4,78.37199655381474,5.4039405725945295,26.14334752616401,0.0,13.043393802002957,0.8942501077638796,0.3369863380514051,3.642075205208571
Ewa,EWA33,0.04752604166666668,0.6122002961897383,4,33.35459387058711,31.524234693877556,1.8602179546138284,0.0,4.370994388989252,0.9998152480273932,0.0700022681330908,2.855538394671342
Ewa,EWA35,-0.7376302083333333,0.5644993042672676,4,33.481089355188466,13.192384961255142,2.547193717735916,0.0,4.821562388035908,0.999531826927381,0.0561094498505842,0.7009771990559863
Ewa,EWA36,-0.27408854166666663,0.6280033992703231,4,5.710275305451877,0.0063783645873198,2.4459786325508097,0.0,9.040455753345194,0.999317979932941,0.08557379985915,4.179182349533296
Ewa,EWA37,-0.4811197916666667,0.7513923436538082,4,75.31966455151303,0.5901492918208499,25.729680124897637,0.0,5.376675044995235,0.9310872836132178,0.5005276988181931,2.005012831118981
Ewa,EWA38,-0.45768229166666663,0.9009547942025005,4,12.124689233122968,11.669269754247283,2.4302279300802545,0.0,3.38287702597598,0.9980028575268588,0.059870260985785,3.219213486254167
Ewa,EWA39,0.19466145833333334,0.591156827326794,4,39.11546187940436,0.2198852772466539,8.856019590409744,0.0,4.485728126610904,0.9960060301359196,0.157178616786223,3.584572167250284
Ewa,EWA40,-0.08268229166666669,0.3396973796116014,4,62.29550020729024,10.114832535885167,19.692176626456,0.0,5.000000000000001,0.9921843979587526,0.0879106278679055,3.0463033517737843
Ewa,EWA42,-0.2259114583333334,0.5292991438980345,4,12.082057172026545,0.8513216210183975,0.0,0.0,0.0,0.9999613823802308,0.0,3.211485501468632
Ewa,EWA45,0.255859375,0.6930716955037963,4,76.29790357063084,2.763963274674828,29.2108571431327,0.0,3.4362863619038606,0.993974386230978,0.3187774265573553,1.7796683963949071
Ewa,EWA46,0.7662760416666667,0.8403765267460349,4,17.602781233055847,0.0,4.922430211772277,0.0,7.086557394267173,0.998218592278902,0.1028453435025333,0.4507037096079975
Ewa,EWA48,-0.26497395833333337,0.6434957661355923,4,51.03844313287605,2.831542361531839,12.696203863650666,0.0,5.801854518602259,0.994967046152918,0.3739950842407626,2.4051571883699743
Ewa,EWA50,-0.791015625,0.9889923651154517,4,33.54369860393957,25.505388686945984,8.21484047125055,0.0,4.61826299602094,0.9981424350095692,0.1266250323752028,2.348498363245884
Honolulu,HNL01,-1.873046875,0.22955474361650682,4,28.079635006221483,22.630320420851262,16.717752453185803,0.0,8.567061119762263,0.9877695514325046,0.3471855750877093,2.4437457959243583
Honolulu,HNL03,-0.6123511904761905,0.21193943165281628,7,61.15080377647359,2.3994646612707924,15.335942823339945,0.0,6.320589183944096,0.9958161666359492,0.1855027866100559,1.537517268821793
Honolulu,HNL04,-1.015625,0.33293636844602564,7,80.80885401715945,10.1330016266386,24.686368182784243,0.0,4.888071501575653,0.0796178302840727,0.35124428265908,2.3004124000919868
Honolulu,HNL05,-0.10342261904761904,0.18517507697073526,7,80.39028123206428,0.9372907833072974,30.756797020926918,0.0,4.678631365212077,0.9365867190352346,0.5170562756604155,1.9892112683469585
Honolulu,HNL08,1.5238095238095237,0.9980137389306879,7,44.16706520006377,24.968908447335693,8.807303754076171,3.75968621448388,8.330418190490951,0.9374968775571004,0.1158523019691649,1.3327683270500417
Honolulu,HNL09,0.3482142857142857,0.14884594668341053,7,90.57097288676236,0.2708559046587215,40.805524689940775,0.0,6.3106894585076425,0.9738122208194832,0.7382228533201217,1.587867708187148
Honolulu,HNL12,-0.36979166666666663,0.15429183873051286,7,13.56791935175142,11.50953018422898,1.482449588515972,0.0,5.570000171661377,0.9973689882736548,0.0358107946261993,0.3113714390274325
Honolulu,HNL14,-1.0186011904761905,0.14236980652402806,7,16.172532517214997,11.44514936079319,11.837789344922731,40.28756336276979,4.111529033631097,0.981744309803401,0.0791405076626738,0.8180940614710849
Honolulu,HNL17,0.020089285714285726,0.10075482675740162,7,55.31534978636567,39.84317725432697,17.773329693588245,0.0,5.141240055773835,0.9903635433942526,0.2187653748793403,0.54684879819983
Honolulu,HNL18,0.09895833333333333,0.24012525515969632,7,92.37590914890902,8.59200713875964,23.55033063088596,0.0,7.813103681141392,0.942328100361006,0.5938174033013531,1.7283686144436758
Honolulu,HNL20,-0.7046130952380952,0.2714996525263423,7,37.77983289750622,52.25656237042707,10.716383801294658,0.0,13.785903404952125,0.9784793741280748,0.3061786026462161,2.67234598521144
Honolulu,HNL21,0.9657738095238094,0.18670518127460134,7,74.0764351512447,8.861526683466778,26.73665888494444,0.0,9.660907645827436,0.013843974245485,0.4374796916824175,0.4590624318252035
Honolulu,HNL22,0.10491071428571427,0.17772500602159783,7,52.92974350804524,5.220883534136546,26.78921265725468,0.0,11.916112576561494,0.8523299234081465,0.591728126137047,0.7269279876977373
Honolulu,HNL26,0.9821428571428571,0.2855194073063651,7,28.63341948246705,21.780441922010013,0.1782848884208227,20.469980550330007,3.9800000190734863,0.9995207675967877,0.0234635125679061,0.1567183615474301
Honolulu,HNL30,-0.6369047619047619,0.19885023527090676,7,55.43291010017227,23.931760204081638,21.381679161762484,0.0,6.831700625455576,0.9662078155288708,0.4183942143412449,1.797707741408789
Honolulu,HNL31,-0.17782738095238096,0.17944651139145104,7,79.93048691049393,0.9662606033548058,33.4040633631136,0.0,4.084907631189428,0.9791156360403536,0.4764441250911521,1.3705720034486109
Honolulu,HNL32,-0.004464285714285714,0.10369592292874219,7,76.63530537394355,9.190051020408164,21.81299199634585,0.0,4.88910871523448,0.9881062531539206,0.3806352983006547,1.0394878876315672
Honolulu,HNL33,1.40625,0.17403810338370773,7,78.93578332854818,7.502313559051601,20.821081871898816,0.0,18.588541380727857,0.90382133368986,0.9054663285359208,0.4715144283919211
Honolulu,HNL34,0.5013020833333334,0.1782418445958484,6,78.68261562998406,14.968437161257413,19.43839034609524,0.0,5.647311303521714,0.990364344256776,0.2675036596710982,1.1898710706615956
Honolulu,HNL35,-0.0052083333333333304,0.21285777173874418,7,76.78736640612537,10.74583080896655,8.415539522023709,0.0,6.532755922873211,0.9941678771379626,0.2078406478405172,1.7376456269753917
Honolulu,HNL37,-0.7008928571428571,0.23545482619335856,7,52.62318609472174,33.274838874353904,22.785988949759137,0.0,15.709486409996549,0.9662980608464669,0.3394316207996244,1.35899089641112
Honolulu,HNL38,0.4523809523809524,0.16622332993848954,7,94.63602753697091,3.582470119521912,14.0818417699256,0.0,16.314323719832014,0.9759586914964848,0.2085245674400867,0.3966641167210317
Honolulu,HNL43,-0.0944940476190476,0.17513683502612915,7,86.62393979975766,14.342197563930872,36.75238230612955,0.0,10.22216647810669,0.035140000712979,0.842053115404863,2.0988346761561
Honolulu,HNL44,0.8258928571428571,0.1753284972518103,7,78.69186880438593,0.7465543644716692,18.41632251265723,0.0,9.169076388205031,0.7005169479392523,0.415605676453445,1.5785792539511312
Honolulu,HNL45,-0.08407738095238095,0.17894190549771946,7,73.81210536386249,2.7432216905901115,27.403262803467403,0.0,19.109290443613887,0.9181931109902598,0.933604707586893,1.5707737842859446
Honolulu,HNL47,0.1651785714285714,0.06876606278804281,7,94.57502790623504,3.481143804392872,24.66792687562088,0.0,10.19526751718397,0.8784864007367688,0.7233495590222309,1.3083636851984597
Honolulu,HNL50,-0.4449404761904762,0.08116800209638517,7,60.37044121397603,12.193877551020408,19.32232689489577,0.0,6.792063246721951,0.0746803687737395,0.3871066575259171,1.6953119953692175
Honolulu,Hnl15a,-0.1688988095238095,0.13282465708443053,7,97.66484831084314,3.779718273949901,40.54488607755929,0.0,17.96909481097232,0.8634335557154559,0.9675726851383386,0.6619803800831309
Honolulu,Hnl21a,0.42410714285714285,0.2723250708566814,7,80.08095101507473,0.4941971687284785,31.98549764992298,0.0,4.611689956979249,0.9745930866185284,0.5394410983676187,1.5966678384651056
Honolulu,ID06,0.5796130952380951,1.4591886265647764,7,20.04974172565525,19.29209183673469,0.0411391972109797,6.211734693877551,3.9800000190734863,0.9993749740267088,0.0229380417283589,0.1397057343245953
Honolulu,ID07,1.1666666666666667,0.12831082673766023,7,59.81949228217885,10.996300548539354,20.90173813816493,27.876642428881237,19.226399779223996,0.8515481440548469,0.8717586705740884,0.4403832161734049
Honolulu,ID22,-0.44642857142857145,0.1254500104814462,7,27.576646057747467,19.865373572385632,8.170918255870335,3.139156511197601,10.4134268920715,0.985681712125703,0.2016753167996983,2.490914789321154
Honolulu,ID26,0.9479166666666666,0.1323179791199202,7,85.37720808621899,0.3634508703691895,41.18693593195512,0.0,20.83481159695079,0.779086402670056,1.9703957567546408,0.8117130937708954
Honolulu,ID27,0.07068452380952377,0.09644126801027607,7,76.22052262587636,5.439811122100629,26.12573103247741,0.0,4.827993508967055,0.9154570552798548,0.405964638316879,2.0715109266235827
Honolulu,ID41,-0.6904761904761905,0.11802774167567352,7,60.30171588951968,8.270077183134529,19.590595023849733,0.0,4.501811285384349,0.9780471471376267,0.2736247753573064,2.395638361788394
Honolulu,ID46,-0.12499999999999999,0.12684011619054705,7,1.3201530612244898,0.0,0.0,42.01077771754727,0.0,0.9905006146774809,0.0,0.9809413197410238
