wind_max,cloud_max,min_frac,nights_honolulu,nights_ewa,sensor_nights,beta_imperv_z,se_imperv,beta_height_z,se_height,r2m_parsimonious,r2m_full,site_sd,corr_with_baseline,mean_wind,mean_cloud
8,25,0.75,5,4,331,0.23743924119206378,0.07517764750825341,0.202803446881159,0.08704067886976315,0.17434105182215023,0.2791132514258146,0.6662422115613882,0.992175500225081,2.9550382067283487,9.653700906344412
8,35,0.75,9,5,511,0.2480143592455084,0.07162930487538693,0.18459040834555557,0.08283408465134535,0.20522011263568457,0.3153467844040513,0.6411345865393931,0.9899620295399919,3.139871280385681,13.167155903457274
8,50,0.75,11,8,694,0.20642023102481938,0.0708555259224076,0.18005506306876684,0.08195071565024663,0.12853464151057942,0.213923342994028,0.6205451902635387,0.9824511078551249,3.2484300211605426,18.642110951008647
10,25,0.75,7,4,400,0.2191265678440169,0.07741052936435025,0.19486740010358788,0.08914043571487541,0.1545820034219755,0.2536953033205621,0.6716131192976404,0.9999999999999999,3.557891632953125,11.0140625
10,35,0.75,10,6,583,0.22830529585014683,0.07317252368765079,0.17750672612987106,0.08467521342510254,0.1704273497617256,0.27922504039209856,0.6413633378739055,0.9937023239572248,3.4579392248749286,13.973699256718124
10,50,0.75,13,11,877,0.20452645087338023,0.07280831648003526,0.17072032269231208,0.08445953626947807,0.11943499431289463,0.20608437878056463,0.6313833294788141,0.980341959744943,3.837024028313854,19.787343215507413
12,15,0.75,5,2,255,0.22122962445733368,0.0778750817324213,0.1907467871836131,0.09010786596823539,0.20668091350516357,0.34318819377702,0.6731918409954679,0.9383807014559897,4.505235537968955,7.495261437908497
12,25,0.75,7,7,514,0.21295367852238636,0.07644038827673069,0.19215140744464224,0.08884252971510155,0.14260205493512165,0.24286735567730083,0.6647349783109432,0.9883381550795799,4.6593210884200715,11.34362840466926
12,35,0.75,12,9,768,0.21848966812407816,0.07070398749467335,0.17062584818908855,0.08205490999530227,0.16364744767106734,0.2656217895201188,0.61919336898892,0.983489006604008,4.69409064534234,14.155544704861112
12,50,0.75,17,14,1130,0.1611301220932859,0.071593186268987,0.17281546419054916,0.08296016596778406,0.07822820263769849,0.14267435581702945,0.6075973790845636,0.9796191801946597,4.773395759574115,20.684402654867256
15,15,0.75,5,6,407,0.1679753829536358,0.0722451486145756,0.19331167648711367,0.08426279365992212,0.11841573157562059,0.2079757477336024,0.6221507311330333,0.9426757729659507,6.527581997376126,7.555384930384931
15,25,0.75,9,11,737,0.1986769988814561,0.07152300982982299,0.1809838292388386,0.08327897697744437,0.13234581995726374,0.21811080032741606,0.6230010175783481,0.9774789820658073,6.279899887576323,10.490275893260968
15,35,0.75,15,15,1104,0.20211886446489122,0.06531016664919621,0.16183369958625562,0.07594615164810764,0.15270308161801924,0.23951331801163755,0.5737128910441902,0.9717075475627354,6.628957331165082,14.222033514492754
15,50,0.75,21,20,1500,0.1591703320644577,0.06747210420718532,0.16100730267333535,0.07837818152427996,0.08063126675957784,0.14212619462188653,0.5735999277950591,0.9753132616497098,6.315856031851388,19.426305555555558
20,15,0.75,7,8,555,0.1685714254722652,0.06529256357822859,0.17781230153932348,0.07605690552378871,0.13141643129172403,0.21163231100159466,0.5674824210971734,0.9492432745907777,8.165150119156907,7.093168168168169
20,25,0.75,11,14,923,0.18096881436524279,0.06474511489828737,0.16931886045517705,0.07541761452155907,0.12993886804849647,0.20568511463873898,0.5655431309281973,0.9726781557547937,7.974231394738624,10.263181654026724
20,35,0.75,19,18,1362,0.18754098721589726,0.05964218185321602,0.150555713345894,0.06934339694781919,0.15199079425324605,0.22793919400593796,0.5259653648319185,0.964552427457781,8.18555775976964,14.029154429760156
20,50,0.75,28,23,1864,0.1480591876158055,0.06154506080604618,0.14717616975440248,0.07144722759914159,0.08187178556595698,0.1371784523481791,0.5230930073097547,0.9676426248119118,8.050667503117177,19.383784871244636
10,25,0.6,12,9,768,0.23600727082158818,0.0737779785592441,0.1808996247791571,0.08563684326789921,0.17513805555264123,0.2762980856692254,0.650341741354055,0.9835717928007501,4.296967215642903,14.093153211805557
999,999,0.0,42,42,3087,0.1445438110058231,0.054836416997825606,0.1275792228764338,0.06376785109382435,0.08109333953876437,0.13207472566671627,0.47050311712789167,0.964238714774107,9.77840262321739,28.32245437857683
-1,-1,-1.0,35,38,2687,0.13411371092494478,0.05191168549005965,0.11654955718016875,0.06039608907933868,0.07168727145163967,0.11732981801912495,0.44360497522190107,0.9462883443536978,10.70441840144802,30.89906649299094
