# Hourly water temperature (deg C) at NOAA CO-OPS station 1612340 (Honolulu, HI), 18:00-06:00 local standard time
# on the nine analysed calm, clear nights; NOAA Tides and Currents data API (product=water_temperature, units=metric,
# time_zone=lst, interval=h), retrieved 2026-09-26. Used in Sections 1.8 and 5.2 of the thesis (range 25.7-26.5 deg C).
night_date,time_lst,water_temp_c
2024-11-25,2024-11-25 18:00,26.3
2024-11-25,2024-11-25 19:00,26.2
2024-11-25,2024-11-25 20:00,26.1
2024-11-25,2024-11-25 21:00,26.1
2024-11-25,2024-11-25 22:00,26.1
2024-11-25,2024-11-25 23:00,26.1
2024-11-25,2024-11-26 00:00,26.0
2024-11-25,2024-11-26 01:00,26.0
2024-11-25,2024-11-26 02:00,26.0
2024-11-25,2024-11-26 03:00,26.0
2024-11-25,2024-11-26 04:00,26.0
2024-11-25,2024-11-26 05:00,26.0
2024-11-25,2024-11-26 06:00,25.9
2024-11-30,2024-11-30 18:00,26.2
2024-11-30,2024-11-30 19:00,26.1
2024-11-30,2024-11-30 20:00,26.1
2024-11-30,2024-11-30 21:00,26.0
2024-11-30,2024-11-30 22:00,26.0
2024-11-30,2024-11-30 23:00,26.0
2024-11-30,2024-12-01 00:00,26.0
2024-11-30,2024-12-01 01:00,25.9
2024-11-30,2024-12-01 02:00,25.9
2024-11-30,2024-12-01 03:00,25.9
2024-11-30,2024-12-01 04:00,25.9
2024-11-30,2024-12-01 05:00,25.9
2024-11-30,2024-12-01 06:00,25.9
2024-12-01,2024-12-01 18:00,26.2
2024-12-01,2024-12-01 19:00,26.2
2024-12-01,2024-12-01 20:00,26.1
2024-12-01,2024-12-01 21:00,26.1
2024-12-01,2024-12-01 22:00,26.0
2024-12-01,2024-12-01 23:00,26.0
2024-12-01,2024-12-02 00:00,26.0
2024-12-01,2024-12-02 01:00,25.9
2024-12-01,2024-12-02 02:00,25.9
2024-12-01,2024-12-02 03:00,25.9
2024-12-01,2024-12-02 04:00,25.9
2024-12-01,2024-12-02 05:00,25.8
2024-12-01,2024-12-02 06:00,25.9
2024-12-07,2024-12-07 18:00,26.5
2024-12-07,2024-12-07 19:00,26.4
2024-12-07,2024-12-07 20:00,26.4
2024-12-07,2024-12-07 21:00,26.4
2024-12-07,2024-12-07 22:00,26.4
2024-12-07,2024-12-07 23:00,26.4
2024-12-07,2024-12-08 00:00,26.3
2024-12-07,2024-12-08 01:00,26.4
2024-12-07,2024-12-08 02:00,26.3
2024-12-07,2024-12-08 03:00,26.3
2024-12-07,2024-12-08 04:00,26.2
2024-12-07,2024-12-08 05:00,26.3
2024-12-07,2024-12-08 06:00,26.3
2024-12-16,2024-12-16 18:00,26.2
2024-12-16,2024-12-16 19:00,26.1
2024-12-16,2024-12-16 20:00,26.1
2024-12-16,2024-12-16 21:00,26.0
2024-12-16,2024-12-16 22:00,26.0
2024-12-16,2024-12-16 23:00,26.0
2024-12-16,2024-12-17 00:00,25.9
2024-12-16,2024-12-17 01:00,25.9
2024-12-16,2024-12-17 02:00,25.9
2024-12-16,2024-12-17 03:00,25.8
2024-12-16,2024-12-17 04:00,25.9
2024-12-16,2024-12-17 05:00,25.9
2024-12-16,2024-12-17 06:00,25.9
2024-12-21,2024-12-21 18:00,26.5
2024-12-21,2024-12-21 19:00,26.5
2024-12-21,2024-12-21 20:00,26.4
2024-12-21,2024-12-21 21:00,26.4
2024-12-21,2024-12-21 22:00,26.3
2024-12-21,2024-12-21 23:00,26.3
2024-12-21,2024-12-22 00:00,26.2
2024-12-21,2024-12-22 01:00,26.2
2024-12-21,2024-12-22 02:00,26.2
2024-12-21,2024-12-22 03:00,26.2
2024-12-21,2024-12-22 04:00,26.1
2024-12-21,2024-12-22 05:00,26.1
2024-12-21,2024-12-22 06:00,26.1
2024-12-25,2024-12-25 18:00,26.1
2024-12-25,2024-12-25 19:00,26.1
2024-12-25,2024-12-25 20:00,26.1
2024-12-25,2024-12-25 21:00,26.1
2024-12-25,2024-12-25 22:00,26.1
2024-12-25,2024-12-25 23:00,26.1
2024-12-25,2024-12-26 00:00,26.1
2024-12-25,2024-12-26 01:00,26.0
2024-12-25,2024-12-26 02:00,26.0
2024-12-25,2024-12-26 03:00,26.0
2024-12-25,2024-12-26 04:00,25.9
2024-12-25,2024-12-26 05:00,25.9
2024-12-25,2024-12-26 06:00,25.9
2024-12-26,2024-12-26 18:00,26.2
2024-12-26,2024-12-26 19:00,26.2
2024-12-26,2024-12-26 20:00,26.2
2024-12-26,2024-12-26 21:00,26.2
2024-12-26,2024-12-26 22:00,26.1
2024-12-26,2024-12-26 23:00,26.0
2024-12-26,2024-12-27 00:00,26.0
2024-12-26,2024-12-27 01:00,26.0
2024-12-26,2024-12-27 02:00,25.9
2024-12-26,2024-12-27 03:00,25.9
2024-12-26,2024-12-27 04:00,25.9
2024-12-26,2024-12-27 05:00,25.9
2024-12-26,2024-12-27 06:00,25.9
2025-01-03,2025-01-03 18:00,26.1
2025-01-03,2025-01-03 19:00,26.1
2025-01-03,2025-01-03 20:00,26.0
2025-01-03,2025-01-03 21:00,26.0
2025-01-03,2025-01-03 22:00,26.0
2025-01-03,2025-01-03 23:00,25.9
2025-01-03,2025-01-04 00:00,25.9
2025-01-03,2025-01-04 01:00,25.9
2025-01-03,2025-01-04 02:00,25.9
2025-01-03,2025-01-04 03:00,25.8
2025-01-03,2025-01-04 04:00,25.7
2025-01-03,2025-01-04 05:00,25.7
2025-01-03,2025-01-04 06:00,25.7
