sensor_id,region,latitude,longitude,elev_m,raster_id,source
AD1,Ewa,21.349836569,-158.030100611,17.41,30380,"USGS 3DEP 1 m DEM via EPQS v1 (epqs.nationalmap.gov), resolution=1, retrieved 2026-09-19"
AD3,Ewa,21.334759503,-158.06916051,21.82,129399,"USGS 3DEP 1 m DEM via EPQS v1 (epqs.nationalmap.gov), resolution=1, retrieved 2026-09-19"
EWA03,Ewa,21.345918711,-158.065482453,29.76,133560,"USGS 3DEP 1 m DEM via EPQS v1 (epqs.nationalmap.gov), resolution=1, retrieved 2026-09-19"
EWA04,Ewa,21.339789015,-158.037005391,14.85,133560,"USGS 3DEP 1 m DEM via EPQS v1 (epqs.nationalmap.gov), resolution=1, retrieved 2026-09-19"
EWA05,Ewa,21.370368751,-158.023791244,13.88,30380,"USGS 3DEP 1 m DEM via EPQS v1 (epqs.nationalmap.gov), resolution=1, retrieved 2026-09-19"
EWA07,Ewa,21.329647578,-158.070178922,19.05,129399,"USGS 3DEP 1 m DEM via EPQS v1 (epqs.nationalmap.gov), resolution=1, retrieved 2026-09-19"
EWA08,Ewa,21.372199715,-158.022486748,16.82,30380,"USGS 3DEP 1 m DEM via EPQS v1 (epqs.nationalmap.gov), resolution=1, retrieved 2026-09-19"
EWA09,Ewa,21.330632881,-158.069245524,19.31,129399,"USGS 3DEP 1 m DEM via EPQS v1 (epqs.nationalmap.gov), resolution=1, retrieved 2026-09-19"
EWA12,Ewa,21.369170738,-158.024983689,14.63,30380,"USGS 3DEP 1 m DEM via EPQS v1 (epqs.nationalmap.gov), resolution=1, retrieved 2026-09-19"
EWA13,Ewa,21.334712141,-158.041695508,14.32,129399,"USGS 3DEP 1 m DEM via EPQS v1 (epqs.nationalmap.gov), resolution=1, retrieved 2026-09-19"
EWA14,Ewa,21.329503,-158.090353,22.38,129399,"USGS 3DEP 1 m DEM via EPQS v1 (epqs.nationalmap.gov), resolution=1, retrieved 2026-09-19"
EWA15,Ewa,21.337956344,-158.038274018,14.33,129399,"USGS 3DEP 1 m DEM via EPQS v1 (epqs.nationalmap.gov), resolution=1, retrieved 2026-09-19"
EWA16,Ewa,21.334465376,-158.076492749,22.7,129399,"USGS 3DEP 1 m DEM via EPQS v1 (epqs.nationalmap.gov), resolution=1, retrieved 2026-09-19"
EWA17,Ewa,21.338117657,-158.060792231,18.99,129399,"USGS 3DEP 1 m DEM via EPQS v1 (epqs.nationalmap.gov), resolution=1, retrieved 2026-09-19"
EWA18,Ewa,21.341560585,-158.024799561,9.28,30380,"USGS 3DEP 1 m DEM via EPQS v1 (epqs.nationalmap.gov), resolution=1, retrieved 2026-09-19"
EWA19,Ewa,21.340979836,-158.042379912,16.47,133560,"USGS 3DEP 1 m DEM via EPQS v1 (epqs.nationalmap.gov), resolution=1, retrieved 2026-09-19"
EWA20,Ewa,21.357972046,-158.02559248,10.45,30380,"USGS 3DEP 1 m DEM via EPQS v1 (epqs.nationalmap.gov), resolution=1, retrieved 2026-09-19"
EWA21,Ewa,21.355951408,-158.025926473,12.49,30380,"USGS 3DEP 1 m DEM via EPQS v1 (epqs.nationalmap.gov), resolution=1, retrieved 2026-09-19"
EWA23,Ewa,21.356789859,-158.054716378,38.88,133560,"USGS 3DEP 1 m DEM via EPQS v1 (epqs.nationalmap.gov), resolution=1, retrieved 2026-09-19"
EWA24,Ewa,21.356265014,-158.058572142,40.27,133560,"USGS 3DEP 1 m DEM via EPQS v1 (epqs.nationalmap.gov), resolution=1, retrieved 2026-09-19"
EWA25,Ewa,21.332712275,-158.053561879,17.55,129399,"USGS 3DEP 1 m DEM via EPQS v1 (epqs.nationalmap.gov), resolution=1, retrieved 2026-09-19"
EWA26,Ewa,21.310330316,-158.100173382,6.02,129399,"USGS 3DEP 1 m DEM via EPQS v1 (epqs.nationalmap.gov), resolution=1, retrieved 2026-09-19"
EWA28,Ewa,21.333629188,-158.067358943,21.46,129399,"USGS 3DEP 1 m DEM via EPQS v1 (epqs.nationalmap.gov), resolution=1, retrieved 2026-09-19"
EWA29,Ewa,21.329299422,-158.072430847,19.14,129399,"USGS 3DEP 1 m DEM via EPQS v1 (epqs.nationalmap.gov), resolution=1, retrieved 2026-09-19"
EWA31,Ewa,21.328747314,-158.073549188,19.02,129399,"USGS 3DEP 1 m DEM via EPQS v1 (epqs.nationalmap.gov), resolution=1, retrieved 2026-09-19"
EWA32,Ewa,21.333229395,-158.080909574,22.35,129399,"USGS 3DEP 1 m DEM via EPQS v1 (epqs.nationalmap.gov), resolution=1, retrieved 2026-09-19"
EWA33,Ewa,21.342920264,-158.041422452,19.16,133560,"USGS 3DEP 1 m DEM via EPQS v1 (epqs.nationalmap.gov), resolution=1, retrieved 2026-09-19"
EWA35,Ewa,21.369949853,-158.027661941,18.71,30380,"USGS 3DEP 1 m DEM via EPQS v1 (epqs.nationalmap.gov), resolution=1, retrieved 2026-09-19"
EWA36,Ewa,21.354431079,-158.061945848,41.48,133560,"USGS 3DEP 1 m DEM via EPQS v1 (epqs.nationalmap.gov), resolution=1, retrieved 2026-09-19"
EWA37,Ewa,21.342016468,-158.020941334,10.61,30380,"USGS 3DEP 1 m DEM via EPQS v1 (epqs.nationalmap.gov), resolution=1, retrieved 2026-09-19"
EWA38,Ewa,21.335000101,-158.044283328,14.66,129399,"USGS 3DEP 1 m DEM via EPQS v1 (epqs.nationalmap.gov), resolution=1, retrieved 2026-09-19"
EWA39,Ewa,21.3376646,-158.053484081,19.62,129399,"USGS 3DEP 1 m DEM via EPQS v1 (epqs.nationalmap.gov), resolution=1, retrieved 2026-09-19"
EWA40,Ewa,21.3289547,-158.075093612,18.84,129399,"USGS 3DEP 1 m DEM via EPQS v1 (epqs.nationalmap.gov), resolution=1, retrieved 2026-09-19"
EWA42,Ewa,21.336057076,-158.037618593,14.53,129399,"USGS 3DEP 1 m DEM via EPQS v1 (epqs.nationalmap.gov), resolution=1, retrieved 2026-09-19"
EWA45,Ewa,21.348297007,-158.032308791,16.36,30380,"USGS 3DEP 1 m DEM via EPQS v1 (epqs.nationalmap.gov), resolution=1, retrieved 2026-09-19"
EWA46,Ewa,21.319870001,-158.116895423,4.12,129399,"USGS 3DEP 1 m DEM via EPQS v1 (epqs.nationalmap.gov), resolution=1, retrieved 2026-09-19"
EWA48,Ewa,21.337463633,-158.018168167,11.4,23961,"USGS 3DEP 1 m DEM via EPQS v1 (epqs.nationalmap.gov), resolution=1, retrieved 2026-09-19"
EWA50,Ewa,21.344363191,-158.035842688,15.05,133560,"USGS 3DEP 1 m DEM via EPQS v1 (epqs.nationalmap.gov), resolution=1, retrieved 2026-09-19"
HNL01,Honolulu,21.292930695,-157.813130937,11.74,101963,"USGS 3DEP 1 m DEM via EPQS v1 (epqs.nationalmap.gov), resolution=1, retrieved 2026-09-19"
HNL03,Honolulu,21.285501833,-157.817752579,4.39,101963,"USGS 3DEP 1 m DEM via EPQS v1 (epqs.nationalmap.gov), resolution=1, retrieved 2026-09-19"
HNL04,Honolulu,21.290175,-157.812344,11.47,101963,"USGS 3DEP 1 m DEM via EPQS v1 (epqs.nationalmap.gov), resolution=1, retrieved 2026-09-19"
HNL05,Honolulu,21.28474937,-157.811280959,15.7,101963,"USGS 3DEP 1 m DEM via EPQS v1 (epqs.nationalmap.gov), resolution=1, retrieved 2026-09-19"
HNL08,Honolulu,21.278628084,-157.81447177,3.94,101963,"USGS 3DEP 1 m DEM via EPQS v1 (epqs.nationalmap.gov), resolution=1, retrieved 2026-09-19"
HNL09,Honolulu,21.283978395,-157.81569285,3.98,101963,"USGS 3DEP 1 m DEM via EPQS v1 (epqs.nationalmap.gov), resolution=1, retrieved 2026-09-19"
HNL12,Honolulu,21.281415362,-157.832955799,2.37,101963,"USGS 3DEP 1 m DEM via EPQS v1 (epqs.nationalmap.gov), resolution=1, retrieved 2026-09-19"
HNL14,Honolulu,21.284504221,-157.827586404,1.67,101963,"USGS 3DEP 1 m DEM via EPQS v1 (epqs.nationalmap.gov), resolution=1, retrieved 2026-09-19"
HNL17,Honolulu,21.263002712,-157.817143746,10.12,101963,"USGS 3DEP 1 m DEM via EPQS v1 (epqs.nationalmap.gov), resolution=1, retrieved 2026-09-19"
HNL18,Honolulu,21.303836,-157.841841,11.01,101963,"USGS 3DEP 1 m DEM via EPQS v1 (epqs.nationalmap.gov), resolution=1, retrieved 2026-09-19"
HNL20,Honolulu,21.295581247,-157.8129178,16.38,101963,"USGS 3DEP 1 m DEM via EPQS v1 (epqs.nationalmap.gov), resolution=1, retrieved 2026-09-19"
HNL21,Honolulu,21.281589967,-157.829816609,2.28,101963,"USGS 3DEP 1 m DEM via EPQS v1 (epqs.nationalmap.gov), resolution=1, retrieved 2026-09-19"
HNL22,Honolulu,21.273844414,-157.818926801,2.53,101963,"USGS 3DEP 1 m DEM via EPQS v1 (epqs.nationalmap.gov), resolution=1, retrieved 2026-09-19"
HNL26,Honolulu,21.292615219,-157.855026541,2.42,48293,"USGS 3DEP 1 m DEM via EPQS v1 (epqs.nationalmap.gov), resolution=1, retrieved 2026-09-19"
HNL30,Honolulu,21.309360017,-157.850490472,41.43,48293,"USGS 3DEP 1 m DEM via EPQS v1 (epqs.nationalmap.gov), resolution=1, retrieved 2026-09-19"
HNL31,Honolulu,21.273462023,-157.812278011,7.18,101963,"USGS 3DEP 1 m DEM via EPQS v1 (epqs.nationalmap.gov), resolution=1, retrieved 2026-09-19"
HNL32,Honolulu,21.297909011,-157.844893264,2.57,48293,"USGS 3DEP 1 m DEM via EPQS v1 (epqs.nationalmap.gov), resolution=1, retrieved 2026-09-19"
HNL33,Honolulu,21.281644446,-157.829162737,2.48,101963,"USGS 3DEP 1 m DEM via EPQS v1 (epqs.nationalmap.gov), resolution=1, retrieved 2026-09-19"
HNL34,Honolulu,21.296507333,-157.836218307,5.24,101963,"USGS 3DEP 1 m DEM via EPQS v1 (epqs.nationalmap.gov), resolution=1, retrieved 2026-09-19"
HNL35,Honolulu,21.302426,-157.836616,15.03,101963,"USGS 3DEP 1 m DEM via EPQS v1 (epqs.nationalmap.gov), resolution=1, retrieved 2026-09-19"
HNL37,Honolulu,21.302861681,-157.849712717,6.17,48293,"USGS 3DEP 1 m DEM via EPQS v1 (epqs.nationalmap.gov), resolution=1, retrieved 2026-09-19"
HNL38,Honolulu,21.296868386,-157.864308776,2.23,48293,"USGS 3DEP 1 m DEM via EPQS v1 (epqs.nationalmap.gov), resolution=1, retrieved 2026-09-19"
HNL43,Honolulu,21.304100638,-157.83255782,23.0,101963,"USGS 3DEP 1 m DEM via EPQS v1 (epqs.nationalmap.gov), resolution=1, retrieved 2026-09-19"
HNL44,Honolulu,21.301826,-157.839045,9.37,101963,"USGS 3DEP 1 m DEM via EPQS v1 (epqs.nationalmap.gov), resolution=1, retrieved 2026-09-19"
HNL45,Honolulu,21.308150326,-157.852493874,17.29,48293,"USGS 3DEP 1 m DEM via EPQS v1 (epqs.nationalmap.gov), resolution=1, retrieved 2026-09-19"
HNL47,Honolulu,21.288078708,-157.824414177,2.0,101963,"USGS 3DEP 1 m DEM via EPQS v1 (epqs.nationalmap.gov), resolution=1, retrieved 2026-09-19"
HNL50,Honolulu,21.292910827,-157.827396642,3.52,101963,"USGS 3DEP 1 m DEM via EPQS v1 (epqs.nationalmap.gov), resolution=1, retrieved 2026-09-19"
Hnl15a,Honolulu,21.293465603,-157.840659614,2.65,101963,"USGS 3DEP 1 m DEM via EPQS v1 (epqs.nationalmap.gov), resolution=1, retrieved 2026-09-19"
Hnl21a,Honolulu,21.276858497,-157.811028864,14.94,101963,"USGS 3DEP 1 m DEM via EPQS v1 (epqs.nationalmap.gov), resolution=1, retrieved 2026-09-19"
ID06,Honolulu,21.292148013,-157.854168527,0.84,48293,"USGS 3DEP 1 m DEM via EPQS v1 (epqs.nationalmap.gov), resolution=1, retrieved 2026-09-19"
ID07,Honolulu,21.288479952,-157.838594776,1.99,101963,"USGS 3DEP 1 m DEM via EPQS v1 (epqs.nationalmap.gov), resolution=1, retrieved 2026-09-19"
ID22,Honolulu,21.295181993,-157.815143784,6.81,101963,"USGS 3DEP 1 m DEM via EPQS v1 (epqs.nationalmap.gov), resolution=1, retrieved 2026-09-19"
ID26,Honolulu,21.296077264,-157.845905829,2.38,48293,"USGS 3DEP 1 m DEM via EPQS v1 (epqs.nationalmap.gov), resolution=1, retrieved 2026-09-19"
ID27,Honolulu,21.299212947,-157.827035957,9.41,101963,"USGS 3DEP 1 m DEM via EPQS v1 (epqs.nationalmap.gov), resolution=1, retrieved 2026-09-19"
ID41,Honolulu,21.299348096,-157.823310616,25.83,101963,"USGS 3DEP 1 m DEM via EPQS v1 (epqs.nationalmap.gov), resolution=1, retrieved 2026-09-19"
ID46,Honolulu,21.287044128,-157.830554688,1.78,101963,"USGS 3DEP 1 m DEM via EPQS v1 (epqs.nationalmap.gov), resolution=1, retrieved 2026-09-19"
