sensor_id,height,aspect
AD1,3.7289262967777645,0.21308296403003418
AD3,3.9642627335409264,0.23200610906550798
EWA03,4.363734262222201,0.29938481547666007
EWA04,7.320022527381406,0.172634076987352
EWA05,4.054790799403997,0.3497950165565615
EWA07,3.922414502759008,0.09898523014341226
EWA08,4.037501374145825,0.3462372781933005
EWA09,4.590845708493598,0.27201969911240936
EWA12,4.1945846286649395,0.22525293498230373
EWA13,3.1563036185214792,0.042241482566212976
EWA14,6.232839036419144,0.07148454759793316
EWA15,4.560061344180372,0.16884019696528424
EWA16,0,0
EWA17,5.323594964088584,0.23096780149691404
EWA18,4.979791788267658,0.254552271237137
EWA19,3.7376196520360088,0.2179945676296071
EWA20,4.686603927727254,0.2582908835284608
EWA21,4.2807551089249145,0.3937562872448908
EWA23,0,0
EWA24,3,0.018900477290491963
EWA25,3,0.03647147585615544
EWA26,9.9096240122192,0.278749630950445
EWA28,3.4081815700581006,0.05837396272197691
EWA29,0,0
EWA31,3,0.01785121045990924
EWA32,13.043393802006547,0.33698633805142053
EWA33,4.370994388988714,0.07000226813305371
EWA35,3.3447774781107364,0.03892381951440549
EWA36,9.04045575334658,0.08557379985919394
EWA37,5.376675044995667,0.5005276988184761
EWA38,3.3828770259758105,0.05987026098581749
EWA39,3.591152623081242,0.12583294975364775
EWA40,3,0.05274637672068961
EWA42,0,0
EWA45,3.436286361903476,0.3187774265572
EWA46,6.933247012989302,0.10062039026388093
EWA48,5.801854518602464,0.373995084240699
EWA50,4.618262996018921,0.12662503237507688
HNL01,8.387175607406476,0.33989560082670695
HNL03,6.3205891839406325,0.18550278660990527
HNL04,4.848560791908212,0.348405144387401
HNL05,4.663076010462103,0.5153371845061159
HNL08,8.330418190490237,0.11585230196919741
HNL09,6.298725466884323,0.736823308612506
HNL12,5.570000171661376,0.03581079462621339
HNL14,4.11152903363109,0.0791405076626701
HNL17,5.020381204398158,0.21362269886300247
HNL18,7.805336495378983,0.5932270757864606
HNL20,13.705725561464252,0.30439788945248797
HNL21,9.4071016758986,0.42598646956019837
HNL22,11.91611257656871,0.5917281261379369
HNL26,3.980000019073486,0.023463512567904164
HNL30,6.82074106243013,0.4177230172248672
HNL31,4.084907631189263,0.47644412509184386
HNL32,4.889108715232492,0.3806352983002442
HNL33,18.36930361035903,0.8947870388092055
HNL34,5.62721931944154,0.2665519361017203
HNL35,6.53275592287047,0.20784064784038883
HNL37,15.642639740868978,0.33798727865721234
HNL38,16.31432371983206,0.20852456743998504
HNL43,10.21368589961224,0.8413545259655203
HNL44,9.135710890027266,0.4140933223351669
HNL45,19.109290443618885,0.9336047075883399
HNL47,10.067419565701236,0.7142788054414531
HNL50,6.792063246723098,0.3871066575259947
Hnl15a,17.926710967656614,0.9652904639404957
Hnl21a,4.5952059883372325,0.5375129266489923
ID06,3.9800000190734868,0.0229380417283598
ID07,19.113353427566576,0.8666329508159054
ID22,10.413426892070834,0.20167531679952735
ID26,20.83481159694194,1.97039575675339
ID27,4.767639375332886,0.40088972593626204
ID41,4.439370182854617,0.2698295401573489
ID46,0,0
