region,night_date,n_weather_bins,frac_calm_clear,wind_night,cloud_night,frac_calm,frac_clear,n_sensors,n_bins,T_median_night,meets_weather,meets_network,selected,decision
Ewa,2024-11-14,19,0.0,22.400934947368423,8.263157894736842,0.0,1.0,38,19,24.256077795786062,False,True,False,partial night (deployment/retrieval)
Ewa,2024-11-15,24,0.0,21.379288250000002,9.291666666666666,0.0,0.9166666666666666,38,24,24.729166666666668,False,True,False,not calm and clear
Ewa,2024-11-16,24,0.0,21.94470779166667,6.458333333333333,0.0,1.0,38,24,23.9765625,False,True,False,not calm and clear
Ewa,2024-11-17,24,0.0,22.69672879166667,10.958333333333334,0.0,0.9166666666666666,38,24,22.989583333333332,False,True,False,not calm and clear
Ewa,2024-11-18,24,0.0,17.153362041666664,8.708333333333334,0.0,1.0,38,24,24.151041666666668,False,True,False,not calm and clear
Ewa,2024-11-19,24,0.041666666666666664,14.210628,10.958333333333334,0.041666666666666664,0.8333333333333334,38,24,23.122395833333332,False,True,False,not calm and clear
Ewa,2024-11-20,24,0.2916666666666667,11.6451584,4.75,0.2916666666666667,1.0,38,24,22.994791666666668,False,True,False,not calm and clear
Ewa,2024-11-21,24,0.16666666666666666,10.021427041666668,51.833333333333336,0.5416666666666666,0.2916666666666667,38,24,22.5703125,False,True,False,not calm and clear
Ewa,2024-11-22,24,0.0,6.628433504166666,95.79166666666667,1.0,0.0,38,24,21.455729166666668,False,True,False,not calm and clear
Ewa,2024-11-23,24,0.5416666666666666,5.6935514666666664,27.333333333333332,0.9166666666666666,0.625,38,24,20.8671875,False,True,False,not calm and clear
Ewa,2024-11-24,24,0.3333333333333333,3.687147466666667,39.666666666666664,1.0,0.3333333333333333,38,24,22.78125,False,True,False,not calm and clear
Ewa,2024-11-25,24,0.75,6.1163025125,11.541666666666666,0.875,0.8333333333333334,38,24,22.174479166666668,True,True,True,selected
Ewa,2024-11-26,24,0.5833333333333334,4.6342386625000005,24.125,1.0,0.5833333333333334,38,24,22.356770833333332,False,True,False,not calm and clear
Ewa,2024-11-27,24,0.25,10.749716695833333,20.791666666666668,0.2916666666666667,0.7083333333333334,38,24,22.106770833333332,False,True,False,not calm and clear
Ewa,2024-11-28,24,0.3333333333333333,10.7066266,19.833333333333332,0.4583333333333333,0.625,38,24,22.59375,False,True,False,not calm and clear
Ewa,2024-11-29,24,0.0,10.193805029166667,93.5,0.5416666666666666,0.0,38,24,21.0078125,False,True,False,not calm and clear
Ewa,2024-11-30,24,0.625,8.174390650000001,11.416666666666666,0.8333333333333334,0.7916666666666666,38,24,20.716145833333332,False,True,False,not calm and clear
Ewa,2024-12-01,24,0.75,1.8855149741666668,16.291666666666668,1.0,0.75,38,24,20.0546875,True,True,True,selected
Ewa,2024-12-02,24,0.625,2.4703061733333334,32.083333333333336,1.0,0.625,38,24,20.614583333333332,False,True,False,not calm and clear
Ewa,2024-12-03,24,0.3333333333333333,4.045412441666667,46.083333333333336,1.0,0.3333333333333333,38,24,21.666666666666668,False,True,False,not calm and clear
Ewa,2024-12-04,24,0.375,5.40585695,29.666666666666668,0.9583333333333334,0.375,38,24,22.546875,False,True,False,not calm and clear
Ewa,2024-12-05,24,0.0,4.168129645833333,88.0,1.0,0.0,38,24,23.393229166666668,False,True,False,not calm and clear
Ewa,2024-12-06,24,0.625,7.775367441666667,18.25,0.75,0.875,38,24,21.359375,False,True,False,not calm and clear
Ewa,2024-12-07,24,0.4166666666666667,6.487504691666667,41.416666666666664,1.0,0.4166666666666667,38,24,21.653645833333332,False,True,False,not calm and clear
Ewa,2024-12-08,24,0.2916666666666667,10.969320516666668,6.291666666666667,0.2916666666666667,1.0,38,24,22.182291666666668,False,True,False,not calm and clear
Ewa,2024-12-09,24,0.0,15.658058083333332,6.458333333333333,0.0,1.0,38,24,23.002604166666668,False,True,False,not calm and clear
Ewa,2024-12-10,24,0.0,20.219182041666667,8.083333333333334,0.0,1.0,38,24,24.125,False,True,False,not calm and clear
Ewa,2024-12-11,24,0.0,22.93593733333333,15.333333333333334,0.0,0.9166666666666666,38,24,24.109375,False,True,False,not calm and clear
Ewa,2024-12-12,24,0.0,17.98788504166667,19.291666666666668,0.0,0.75,38,24,23.921875,False,True,False,not calm and clear
Ewa,2024-12-13,24,0.0,15.739758416666668,6.625,0.0,0.9583333333333334,38,24,22.625,False,True,False,not calm and clear
Ewa,2024-12-14,24,0.0,15.810128125,63.583333333333336,0.0,0.20833333333333334,38,24,22.708333333333332,False,True,False,not calm and clear
Ewa,2024-12-15,24,0.16666666666666666,10.253488058333334,13.625,0.375,0.75,38,24,21.588541666666668,False,True,False,not calm and clear
Ewa,2024-12-16,24,0.375,4.536579766666667,36.416666666666664,1.0,0.375,38,24,20.901041666666668,False,True,False,not calm and clear
Ewa,2024-12-17,24,0.5416666666666666,3.2600026124999997,25.625,1.0,0.5416666666666666,38,24,22.3359375,False,True,False,not calm and clear
Ewa,2024-12-18,24,0.20833333333333334,4.227957995833333,35.666666666666664,1.0,0.20833333333333334,38,24,21.9765625,False,True,False,not calm and clear
Ewa,2024-12-19,24,0.3333333333333333,5.360817858333333,47.375,1.0,0.3333333333333333,38,24,23.3046875,False,True,False,not calm and clear
Ewa,2024-12-20,24,0.4166666666666667,4.06484205,31.958333333333332,1.0,0.4166666666666667,38,24,21.5703125,False,True,False,not calm and clear
Ewa,2024-12-21,24,0.875,2.6909871499999998,9.791666666666666,1.0,0.875,38,24,20.869791666666668,True,True,True,selected
Ewa,2024-12-22,24,0.7083333333333334,9.622199441666666,7.833333333333333,0.7083333333333334,1.0,38,24,22.263020833333332,False,True,False,not calm and clear
Ewa,2024-12-23,24,0.0,17.629796583333334,1.6666666666666667,0.0,1.0,38,24,22.973958333333332,False,True,False,not calm and clear
Ewa,2024-12-24,24,0.375,10.950555695833332,8.041666666666666,0.375,0.9166666666666666,38,24,22.484375,False,True,False,not calm and clear
Ewa,2024-12-25,24,0.75,2.6112218825,15.416666666666666,1.0,0.75,38,24,22.356770833333332,True,True,True,selected
Ewa,2024-12-26,24,0.7083333333333334,3.0433176916666667,16.583333333333332,1.0,0.7083333333333334,38,24,22.6484375,False,True,False,not calm and clear
Honolulu,2024-11-23,17,0.8823529411764706,4.13985224117647,15.529411764705882,1.0,0.8823529411764706,34,17,24.768536121673005,False,True,False,partial night (deployment/retrieval)
Honolulu,2024-11-24,24,0.08333333333333333,4.2521447125,46.583333333333336,1.0,0.08333333333333333,34,24,23.395833333333332,False,True,False,not calm and clear
Honolulu,2024-11-25,24,0.25,7.073455320833333,38.0,0.9583333333333334,0.25,34,24,22.2578125,False,True,False,not calm and clear
Honolulu,2024-11-26,24,0.041666666666666664,8.6340734125,41.125,0.5416666666666666,0.041666666666666664,34,24,23.677083333333332,False,True,False,not calm and clear
Honolulu,2024-11-27,24,0.0,15.837780333333335,35.083333333333336,0.0,0.2916666666666667,34,24,23.794270833333332,False,True,False,not calm and clear
Honolulu,2024-11-28,24,0.2916666666666667,10.780575337499998,27.541666666666668,0.2916666666666667,0.375,34,24,23.2109375,False,True,False,not calm and clear
Honolulu,2024-11-29,24,0.0,8.748926083333332,95.45833333333333,0.5416666666666666,0.0,34,24,22.388020833333332,False,True,False,not calm and clear
Honolulu,2024-11-30,24,0.75,6.923625725,14.75,0.8333333333333334,0.75,35,24,21.932949029126213,True,True,True,selected
Honolulu,2024-12-01,24,0.9166666666666666,1.70763501625,5.208333333333333,1.0,0.9166666666666666,35,24,21.697916666666668,True,True,True,selected
Honolulu,2024-12-02,24,0.7083333333333334,2.3059766666666666,22.541666666666668,1.0,0.7083333333333334,35,24,21.625,False,True,False,not calm and clear
Honolulu,2024-12-03,24,0.7083333333333334,0.6348773074999999,27.375,1.0,0.7083333333333334,35,24,22.854166666666668,False,True,False,not calm and clear
Honolulu,2024-12-04,24,0.5,5.231596729166667,41.041666666666664,1.0,0.5,35,24,23.921875,False,True,False,not calm and clear
Honolulu,2024-12-05,24,0.0,3.012341316666667,86.20833333333333,1.0,0.0,35,24,23.817708333333332,False,True,False,not calm and clear
Honolulu,2024-12-06,24,0.5833333333333334,7.268948505833333,14.208333333333334,0.6666666666666666,0.75,35,24,22.817708333333332,False,True,False,not calm and clear
Honolulu,2024-12-07,24,0.7916666666666666,5.9895923458333336,20.25,1.0,0.7916666666666666,35,24,22.635416666666668,True,True,True,selected
Honolulu,2024-12-08,24,0.0,13.046596541666666,22.833333333333332,0.0,0.625,36,24,23.8828125,False,True,False,not calm and clear
Honolulu,2024-12-09,24,0.0,17.524199208333332,17.333333333333332,0.0,0.7916666666666666,36,24,24.221354166666668,False,True,False,not calm and clear
Honolulu,2024-12-10,24,0.0,22.234375875,19.708333333333332,0.0,0.75,36,24,24.638020833333332,False,True,False,not calm and clear
Honolulu,2024-12-11,24,0.0,26.002714791666666,39.625,0.0,0.20833333333333334,36,24,24.395833333333332,False,True,False,not calm and clear
Honolulu,2024-12-12,24,0.0,19.976119625,52.875,0.0,0.20833333333333334,36,24,24.755208333333332,False,True,False,not calm and clear
Honolulu,2024-12-13,24,0.0,17.118382666666665,29.041666666666668,0.0,0.5,36,24,24.403645833333332,False,True,False,not calm and clear
Honolulu,2024-12-14,24,0.0,18.36533329166667,74.125,0.0,0.125,36,24,23.5625,False,True,False,not calm and clear
Honolulu,2024-12-15,24,0.4583333333333333,10.220480491666667,5.666666666666667,0.4583333333333333,1.0,36,24,22.890625,False,True,False,not calm and clear
Honolulu,2024-12-16,24,0.9166666666666666,3.204256679166667,6.958333333333333,1.0,0.9166666666666666,36,24,21.541666666666668,True,True,True,selected
Honolulu,2024-12-17,24,0.7083333333333334,3.5326482625,12.083333333333334,1.0,0.7083333333333334,36,24,22.716145833333332,False,True,False,not calm and clear
Honolulu,2024-12-18,24,0.4166666666666667,2.662684679166667,45.875,1.0,0.4166666666666667,36,24,23.651041666666668,False,True,False,not calm and clear
Honolulu,2024-12-19,24,0.5,4.561297283333333,41.875,1.0,0.5,36,24,22.854166666666668,False,True,False,not calm and clear
Honolulu,2024-12-20,24,0.3333333333333333,3.1020223666666666,49.041666666666664,1.0,0.3333333333333333,36,24,22.450520833333332,False,True,False,not calm and clear
Honolulu,2024-12-21,24,1.0,3.3775978091666663,5.291666666666667,1.0,1.0,36,24,22.005208333333332,True,True,True,selected
Honolulu,2024-12-22,24,0.0,14.590202750000001,16.791666666666668,0.0,0.6666666666666666,36,24,24.268229166666668,False,True,False,not calm and clear
Honolulu,2024-12-23,24,0.041666666666666664,18.097723766666665,7.5,0.041666666666666664,0.9166666666666666,36,24,24.203125,False,True,False,not calm and clear
Honolulu,2024-12-24,24,0.625,8.718836625,4.458333333333333,0.625,1.0,36,24,23.341145833333332,False,True,False,not calm and clear
Honolulu,2024-12-25,24,0.7083333333333334,4.2132980625,22.25,1.0,0.7083333333333334,36,24,22.9296875,False,True,False,not calm and clear
Honolulu,2024-12-26,24,0.9166666666666666,1.6095112708333332,8.0,1.0,0.9166666666666666,36,24,23.083333333333332,True,True,True,selected
Honolulu,2024-12-27,24,0.25,10.081540654166666,22.291666666666668,0.4166666666666667,0.6666666666666666,36,24,23.174479166666668,False,True,False,not calm and clear
Honolulu,2024-12-28,24,0.0,15.334319541666666,40.958333333333336,0.0,0.041666666666666664,36,24,22.994791666666668,False,True,False,not calm and clear
Honolulu,2024-12-29,24,0.0,12.4807438125,29.458333333333332,0.08333333333333333,0.5416666666666666,36,24,22.830729166666668,False,True,False,not calm and clear
Honolulu,2024-12-30,24,0.0,19.304144375,27.708333333333332,0.0,0.4166666666666667,36,24,24.111979166666668,False,True,False,not calm and clear
Honolulu,2024-12-31,24,0.0,15.209808208333333,37.416666666666664,0.0,0.125,36,24,22.776041666666668,False,True,False,not calm and clear
Honolulu,2025-01-01,24,0.0,15.921781000000001,29.458333333333332,0.0,0.3333333333333333,36,24,23.481770833333332,False,True,False,not calm and clear
Honolulu,2025-01-02,24,0.5,5.660697466666666,40.5,0.9583333333333334,0.5416666666666666,36,24,22.208333333333332,False,True,False,not calm and clear
Honolulu,2025-01-03,24,0.9583333333333334,3.27522905,7.458333333333333,1.0,0.9583333333333334,36,24,21.830729166666668,True,True,True,selected
Honolulu,2025-01-04,24,0.16666666666666666,6.328756366666667,64.08333333333333,1.0,0.16666666666666666,36,24,22.4296875,False,True,False,not calm and clear
Honolulu,2025-01-05,24,0.08333333333333333,8.273103725,37.958333333333336,0.9583333333333334,0.08333333333333333,2,24,23.940104166666668,False,False,False,not calm and clear
Honolulu,2025-01-06,24,0.0,10.549733083333333,62.916666666666664,0.4583333333333333,0.0,2,24,24.268229166666668,False,False,False,not calm and clear
Honolulu,2025-01-07,24,0.0,12.540394041666666,53.125,0.0,0.20833333333333334,2,24,24.557291666666668,False,False,False,not calm and clear
Honolulu,2025-01-08,24,0.0,5.069714612499999,89.125,1.0,0.0,2,24,22.546875,False,False,False,not calm and clear
Honolulu,2025-01-09,24,0.0,13.410878875,70.70833333333333,0.08333333333333333,0.0,2,24,22.630208333333332,False,False,False,not calm and clear
Honolulu,2025-01-10,24,0.0,14.917801020833332,16.541666666666668,0.0,0.8333333333333334,2,24,24.9140625,False,False,False,not calm and clear
Honolulu,2025-01-11,24,0.0,15.859443958333332,20.25,0.0,0.875,2,24,24.151041666666668,False,False,False,not calm and clear
Honolulu,2025-01-12,24,0.0,15.133863875000001,24.541666666666668,0.0,0.4166666666666667,1,24,23.046875,False,False,False,not calm and clear
Honolulu,2025-01-13,24,0.08333333333333333,11.149854958333334,32.083333333333336,0.375,0.375,1,24,22.203125,False,False,False,not calm and clear
Honolulu,2025-01-14,24,0.08333333333333333,12.449872958333335,29.208333333333332,0.08333333333333333,0.2916666666666667,1,24,22.09375,False,False,False,not calm and clear
Honolulu,2025-01-15,24,0.4166666666666667,5.425989241666667,27.666666666666668,1.0,0.4166666666666667,1,24,26.5,False,False,False,not calm and clear
Honolulu,2025-01-16,24,0.7083333333333334,6.188079025,20.166666666666668,1.0,0.7083333333333334,1,24,26.661458333333332,False,False,False,not calm and clear
Honolulu,2025-01-17,24,0.7916666666666666,8.5267687125,13.583333333333334,0.875,0.8333333333333334,1,24,26.463541666666668,True,False,False,fewer than 20 sensors reporting
Honolulu,2025-01-18,24,0.0,16.32224025,24.666666666666668,0.0,0.625,1,24,25.458333333333332,False,False,False,not calm and clear
Honolulu,2025-01-19,24,0.0,14.513890416666667,34.333333333333336,0.0,0.4583333333333333,1,24,25.776041666666668,False,False,False,not calm and clear
