sensor_id,region,radius_m,imperv,tree,water,bldg,height,height_max,n_bldg,aspect,svf_point,coast_km
AD1,Ewa,50,29.62158015852723,4.710838759096132,0.0,0.6204384251459957,3.1120263102964523,3.2300000190734863,2,0.053950216849025574,0.9990552217256519,1.506349162672769
AD1,Ewa,100,56.14393262728085,1.7250725423296451,0.0,17.257474216998567,3.7289262967779178,5.550000190734863,35,0.21308296402993418,0.9990552217256519,1.506349162672769
AD1,Ewa,200,53.18740185098089,10.803271109977523,0.0,20.689699209406307,3.608713981644008,5.940000057220459,134,0.21634171261964366,0.9990552217256519,1.506349162672769
AD3,Ewa,50,80.67848488713175,0.08929710422247736,0.0,16.211394943134877,4.451707515224209,5.309999942779541,9,0.2524708251377379,0.987076074998392,3.576660864843138
AD3,Ewa,100,72.32902917264467,2.152972697116611,0.0,18.422723468553524,4.312490378264825,5.320000171661377,35,0.25238592401508175,0.987076074998392,3.576660864843138
AD3,Ewa,200,64.04096760052605,6.507842887202703,0.0,20.574380259620575,4.451271705418562,6.119999885559082,145,0.27694491345727734,0.987076074998392,3.576660864843138
EWA03,Ewa,50,70.83918763571337,2.676864244741874,0.0,13.953000849747387,4.518889130895151,5.360000133514404,10,0.25759674002938826,0.9360666101088544,4.7552250800829485
EWA03,Ewa,100,71.06681549992027,3.853140835643943,0.0,17.476372689550423,4.3950210037265105,5.409999847412109,50,0.30153131999984206,0.9360666101088544,4.7552250800829485
EWA03,Ewa,200,66.87497509066996,4.680874804731086,0.0,19.955114715940425,4.534429359192766,6.010000228881836,173,0.30432528318425317,0.9360666101088544,4.7552250800829485
EWA04,Ewa,50,75.50082939900472,13.470377936670072,0.0,1.5216937990947597,8.079999923706055,8.079999923706055,1,0.10408605703333967,0.9948680690397746,2.8285135074865746
EWA04,Ewa,100,63.013742307814944,15.24845314792371,0.0,10.421198940600856,7.320022527381761,8.079999923706055,8,0.1726340769872723,0.9948680690397746,2.8285135074865746
EWA04,Ewa,200,53.84370117654561,13.170144590221428,0.0,12.12540181215319,5.257344733028332,9.449999809265137,63,0.18074932638774088,0.9948680690397746,2.8285135074865746
EWA05,Ewa,50,62.92378281927097,34.58003574163901,0.0,28.592719655404153,4.3801317289693555,5.21999979019165,16,0.42524407427590644,0.9815919667927684,0.31041813312006455
EWA05,Ewa,100,69.09224198380825,27.868329558865746,0.0,26.029936289911323,4.169947663616049,5.389999866485596,56,0.35972926451601483,0.9815919667927684,0.31041813312006455
EWA05,Ewa,200,70.39469489255882,18.453714258383886,0.0,25.739034611781943,4.14383024554728,5.75,217,0.349804550967975,0.9815919667927684,0.31041813312006455
EWA07,Ewa,50,51.82919056724028,0.0,0.0,0.0,0.0,0.0,0,0.0,0.9992723596657466,3.0269621835043767
EWA07,Ewa,100,54.45415125621732,0.1882397983600804,0.0,6.652034532348997,3.9224145027595023,6.269999980926514,11,0.09898523014345238,0.9992723596657466,3.0269621835043767
EWA07,Ewa,200,62.99437279813808,1.6528069014455085,0.0,13.898707755977892,5.277976406448241,9.899999618530273,71,0.20018949865381291,0.9992723596657466,3.0269621835043767
EWA08,Ewa,50,75.95614482406936,5.943251533742331,0.0,22.850606246444613,3.5831570417800642,5.179999828338623,16,0.31008340478908897,0.9594334867968725,0.16486715292137943
EWA08,Ewa,100,68.14500701441143,11.542510767267506,0.0,25.29009041098555,4.093868845314581,5.650000095367432,57,0.3510710895000382,0.9594334867968725,0.16486715292137943
EWA08,Ewa,200,58.915704903398584,14.827333312075508,3.5936354070342147,22.253791993959915,4.717095822342117,8.359999656677246,147,0.3056532539119586,0.9594334867968725,0.16486715292137943
EWA09,Ewa,50,71.52326322498406,5.328913819479857,0.0,16.42240638215062,4.716117997940641,5.619999885559082,14,0.33505420309738204,0.9864686349597785,3.1230273020371233
EWA09,Ewa,100,70.15201249243124,5.293349055100545,0.0,15.785264670623409,4.5908457084939505,5.630000114440918,40,0.2720196991125623,0.9864686349597785,3.1230273020371233
EWA09,Ewa,200,67.78091275724101,2.156048493157236,0.0,15.254057747416448,4.675190055296546,9.899999618530273,123,0.24019725074744058,0.9864686349597785,3.1230273020371233
EWA12,Ewa,50,67.64480734881347,28.101071975497703,0.0,9.675752065076503,3.9230671859757806,4.730000019073486,5,0.1437912722603752,0.995848130875783,0.43254147621913136
EWA12,Ewa,100,69.44196428571429,33.501227326341294,0.0,14.969090873164113,4.2467656253447865,5.75,34,0.2280551010349975,0.995848130875783,0.43254147621913136
EWA12,Ewa,200,63.36951670492221,23.544556033795633,0.0,16.90201385530089,4.296330926911194,6.159999847412109,123,0.2284377701719346,0.995848130875783,0.43254147621913136
EWA13,Ewa,50,21.441326530612244,11.886503067484663,0.0,0.07510507284362744,2.3499999046325684,2.3499999046325684,1,0.027286004146170977,0.9998868093691722,3.1873391406158524
EWA13,Ewa,100,23.75590149291821,9.758586599483369,0.0,2.4395956088528554,3.156303618521731,3.75,4,0.04224148256621874,0.9998868093691722,3.1873391406158524
EWA13,Ewa,200,15.770846452456299,11.30420918367347,0.0,0.754985603660312,3.208804422421513,3.75,5,0.022184472574240426,0.9998868093691722,3.1873391406158524
EWA14,Ewa,50,92.69942565411614,0.0,0.0,22.83257229760147,6.210000038146973,6.210000038146973,1,0.13430350476909614,0.043133008592112373,3.218595371657237
EWA14,Ewa,100,79.7500637592451,1.093540776637123,0.0,9.226647302475206,6.232839036419105,6.269999980926514,2,0.0714845475979422,0.043133008592112373,3.218595371657237
EWA14,Ewa,200,75.67634352033414,3.361203880090227,0.0,16.51241125235062,7.415245105225725,12.149999618530273,7,0.09330211137548286,0.043133008592112373,3.218595371657237
EWA15,Ewa,50,58.70729219785824,13.511790949649459,0.0,5.851097348127233,3.611042720923192,3.6600000858306885,3,0.09316767538029758,0.998596986624237,3.070264011624623
EWA15,Ewa,100,53.31293622717277,18.88386027536971,0.0,10.112454424369947,4.637304284075544,9.449999809265137,20,0.17170018331211206,0.998596986624237,3.070264011624623
EWA15,Ewa,200,52.38873302301855,11.744498378007858,0.0,12.787443558643302,4.654795210250476,9.449999809265137,85,0.18860159803074272,0.998596986624237,3.070264011624623
EWA16,Ewa,50,9.824159021406729,21.62265595101416,0.0,0.0,0.0,0.0,0,0.0,0.9999688820238547,3.6720683982185105
EWA16,Ewa,100,18.061266775047017,19.119428680737105,0.0,0.0,0.0,0.0,0,0.0,0.9999688820238547,3.6720683982185105
EWA16,Ewa,200,13.706360593017695,10.298349235196122,0.0,0.6137805738755787,4.353449335414471,5.0,2,0.018859219247130604,0.9999688820238547,3.6720683982185105
EWA17,Ewa,50,30.435890899821565,16.709248850281043,0.4215636177823199,14.434414241603166,5.493257585104969,6.159999847412109,8,0.28296699063648845,0.9784486006770435,3.814057254643843
EWA17,Ewa,100,37.83861304098413,8.54152707316295,17.13091477617179,12.199294782668426,5.352407805968616,6.170000076293945,25,0.23221786630987123,0.9784486006770435,3.814057254643843
EWA17,Ewa,200,38.412490933871055,7.588801734583254,12.342962821248644,12.837199914178004,5.469583864221876,6.650000095367432,82,0.21790473420281145,0.9784486006770435,3.814057254643843
EWA18,Ewa,50,67.47034060466896,21.935648621041878,0.0,3.131918140263336,5.09921364047701,5.940000057220459,4,0.1399338309082982,0.9974255889019533,2.111466954425961
EWA18,Ewa,100,68.43985202194158,12.54621955884228,0.0,12.667075905836477,5.021415631835536,6.039999961853027,34,0.25667995937505883,0.9974255889019533,2.111466954425961
EWA18,Ewa,200,68.41350177340294,8.96170769034562,0.0,22.1106447871118,5.012033772028706,6.789999961853027,209,0.3861314935982511,0.9974255889019533,2.111466954425961
EWA19,Ewa,50,60.62189371734421,11.884723284876307,0.0,20.176677102595313,3.833222490829821,5.0,15,0.30437399606205795,0.9750624877273536,3.0779193098940945
EWA19,Ewa,100,62.13096983995409,13.2827445478893,0.0,16.258529512824715,3.7743075069881598,5.0,38,0.22013436617030374,0.9750624877273536,3.0779193098940945
EWA19,Ewa,200,47.966397538795064,9.910412548619524,0.0,14.290829109859903,3.7438810488124563,5.0,119,0.1853837117739289,0.9750624877273536,3.0779193098940945
EWA20,Ewa,50,46.56624968087822,50.70908394020697,0.0,16.322423031742797,5.288770247298009,5.78000020980835,8,0.2834424215822002,0.9844411181454578,0.5186005463227259
EWA20,Ewa,100,50.70166485934809,40.74263110884267,0.0,19.258384337272947,4.859869487652217,5.78000020980835,30,0.26783999739608405,0.9844411181454578,0.5186005463227259
EWA20,Ewa,200,51.681228277159526,27.780080672161727,0.0,20.092255313173304,4.5609585348504655,5.800000190734863,130,0.2660875914204761,0.9844411181454578,0.5186005463227259
EWA21,Ewa,50,79.9642674834099,2.04211869814933,0.0,25.007999879452974,4.067659716394679,5.449999809265137,18,0.38983815359615204,0.9846882504620746,0.7045489606138954
EWA21,Ewa,100,70.09697588362894,6.1337756371407615,0.0,27.510945754461723,4.319050938951318,5.769999980926514,60,0.39727884891167603,0.9846882504620746,0.7045489606138954
EWA21,Ewa,200,67.31921948731029,16.628538177644216,0.0,23.474343321715356,4.4898905687567465,6.170000076293945,176,0.3262197039990873,0.9846882504620746,0.7045489606138954
EWA23,Ewa,50,11.16504854368932,0.0,0.0,0.0,0.0,0.0,0,0.0,0.9999903756597127,3.3952474584973493
EWA23,Ewa,100,31.95228526775747,0.12116187864681312,0.0,0.0,0.0,0.0,0,0.0,0.9999903756597127,3.3952474584973493
EWA23,Ewa,200,29.316241360342477,0.3323662564560352,0.0,0.1575090345576559,5.0,5.0,1,0.014699460043239366,0.9999903756597127,3.3952474584973493
EWA24,Ewa,50,80.0535304613816,4.529216636897168,0.0,0.0,0.0,0.0,0,0.0,0.9997975833643528,3.7992157852669113
EWA24,Ewa,100,62.33186715114426,2.949147138530209,0.0,1.0766926773054484,5.0,5.0,1,0.03150079548416576,0.9997975833643528,3.7992157852669113
EWA24,Ewa,200,36.499928267419065,2.6669004654721675,0.0,4.924803381733297,4.97558885967155,5.0,6,0.044222092827942594,0.9997975833643528,3.7992157852669113
EWA25,Ewa,50,97.80584258196198,4.054054054054054,0.0,14.42147951198276,5.0,5.0,1,0.09103566878875863,0.9936924053492441,3.0509686262187055
EWA25,Ewa,100,88.49992029332059,3.7690124677146777,0.0,11.77615682476165,5.0,5.0,2,0.060785793093645415,0.9936924053492441,3.0509686262187055
EWA25,Ewa,200,63.6054231992412,2.1623732704202,0.8584135688324938,19.725192226825147,4.991558195538415,5.409999847412109,8,0.07170547332717875,0.9936924053492441,3.0509686262187055
EWA26,Ewa,50,99.25888065422949,3.2003060053550936,0.0,19.29643353888047,10.321233926725462,10.359999656677246,2,0.29396950940754457,0.9692226618435301,1.4344187965528505
EWA26,Ewa,100,98.97578252129799,2.891389588447193,0.0,42.55236893489774,9.909624012218325,10.359999656677246,3,0.27874963095038763,0.9692226618435301,1.4344187965528505
EWA26,Ewa,200,95.05611886997002,2.419001315107799,0.0,37.3312461602229,8.791733346227586,10.359999656677246,21,0.29239554679709245,0.9692226618435301,1.4344187965528505
EWA28,Ewa,50,35.99846977811783,35.7635342185904,0.0,0.0,0.0,0.0,0,0.0,0.9993187038474124,3.439383060101129
EWA28,Ewa,100,42.97415304203716,25.164295284884833,0.0,3.7048634869989288,4.617242762125162,5.829999923706055,6,0.07908227637938947,0.9993187038474124,3.439383060101129
EWA28,Ewa,200,42.53808077668046,16.53354377909572,0.0,11.523328933428596,4.981478616623978,5.900000095367432,46,0.1444050086721403,0.9993187038474124,3.439383060101129
EWA29,Ewa,50,74.03858438737703,0.0,0.0,0.0,0.0,0.0,0,0.0,0.999939294058476,3.031520381898172
EWA29,Ewa,100,58.74601148691768,0.1723037651563497,0.0,0.0,0.0,0.0,0,0.0,0.999939294058476,3.031520381898172
EWA29,Ewa,200,50.89838020534405,1.3176879478983157,0.0,3.5184465542983334,3.6733277833656457,5.0,26,0.06508894028664541,0.999939294058476,3.031520381898172
EWA31,Ewa,50,55.265170831208565,6.60630021680908,0.0,0.0,0.0,0.0,0,0.0,0.9996412953389525,3.0000993331088255
EWA31,Ewa,100,41.385684237363755,4.687051621337244,0.0,0.2609617024116739,5.0,5.0,1,0.029752017433179137,0.9996412953389525,3.0000993331088255
EWA31,Ewa,200,54.561178374156114,4.499621378183412,0.0,9.60475844367391,5.619125274674642,6.880000114440918,14,0.08601504633747906,0.9996412953389525,3.0000993331088255
EWA32,Ewa,50,90.50115060086934,8.80551301684533,0.0,33.572816767720596,12.876831617439452,15.260000228881836,2,0.4889674538676512,0.8942501077638796,3.642075205208571
EWA32,Ewa,100,78.37199655381474,5.4039405725945295,0.0,26.14334752614557,13.043393802001392,15.260000228881836,5,0.33698633805124034,0.8942501077638796,3.642075205208571
EWA32,Ewa,200,73.82127171131819,7.447792124980073,0.0,19.3005096591031,11.605005146841451,15.260000228881836,14,0.21864571310912445,0.8942501077638796,3.642075205208571
EWA33,Ewa,50,35.80735820132856,27.00012759984688,0.0,0.0,0.0,0.0,0,0.0,0.9998152480273933,2.855538394671342
EWA33,Ewa,100,33.35459387058711,31.524234693877553,0.0,1.8602179546124644,4.370994388987827,5.96999979019165,6,0.07000226813306402,0.9998152480273933,2.855538394671342
EWA33,Ewa,200,32.10943354112526,15.480090876479732,0.0,5.717398977938547,4.034439239069247,5.96999979019165,39,0.09348417122201949,0.9998152480273933,2.855538394671342
EWA35,Ewa,50,35.77266922094508,3.178452897625734,0.0,0.0,0.0,0.0,0,0.0,0.9995318269273807,0.7009771990559863
EWA35,Ewa,100,33.481089355188466,13.192384961255142,0.0,2.547193717735466,4.82156238803679,5.0,3,0.0561094498505936,0.9995318269273807,0.7009771990559863
EWA35,Ewa,200,30.55196824030229,21.6395245952603,2.1857139440897244,3.767952139524061,6.1110060193326445,15.920000076293945,22,0.10041380809629848,0.9995318269273807,0.7009771990559863
EWA36,Ewa,50,10.298621745788667,0.0,0.0,0.0,0.0,0.0,0,0.0,0.999317979932941,4.179182349533296
EWA36,Ewa,100,5.710275305451877,0.006378364587319811,0.0,2.4459786325508097,9.040455753345194,9.149999618530273,2,0.08557379985915003,0.999317979932941,4.179182349533296
EWA36,Ewa,200,3.4401128637584586,0.5156857744054071,0.0,1.8330140342823698,6.983476925676608,9.149999618530273,10,0.0721098963443149,0.999317979932941,4.179182349533296
EWA37,Ewa,50,71.838347781744,1.636200945928672,0.0,25.370971046463968,5.529643847911025,5.960000038146973,19,0.5484413881590761,0.9310872836132178,2.005012831118981
EWA37,Ewa,100,75.31966455151303,0.5901492918208499,0.0,25.729680124881142,5.376675044994997,6.210000038146973,66,0.5005276988180057,0.9310872836132178,2.005012831118981
EWA37,Ewa,200,70.1475170748424,2.0654305438196516,0.0,23.89182637600627,5.039913052713608,6.210000038146973,233,0.42486203456791943,0.9310872836132178,2.005012831118981
EWA38,Ewa,50,17.60132551618659,12.775723575162566,0.0,4.569383431944192,3.5288546417913427,4.28000020980835,3,0.08778976703179574,0.9980028575268588,3.219213486254167
EWA38,Ewa,100,12.124689233122968,11.669269754247283,0.0,2.4302279300802545,3.38287702597598,4.28000020980835,7,0.05987026098578506,0.9980028575268588,3.219213486254167
EWA38,Ewa,200,20.760040488734088,12.69407338923072,0.0,2.918391599834546,3.4524567234660006,5.0,32,0.0664974861712908,0.9980028575268588,3.219213486254167
EWA39,Ewa,50,39.65297269711661,0.0,0.0,10.627634117890008,4.434780623986218,5.0,5,0.16615047103353703,0.9960060301359195,3.584572167250284
EWA39,Ewa,100,39.11546187940436,0.2198852772466539,0.0,8.856019590427097,4.4857281266120275,5.480000019073486,19,0.15717861678632766,0.9960060301359195,3.584572167250284
EWA39,Ewa,200,52.361897170187326,0.1155746851586163,0.0,8.998579459881423,4.6066508719532395,5.510000228881836,51,0.13267883802715094,0.9960060301359195,3.584572167250284
EWA40,Ewa,50,79.42302782741895,7.705085612062356,0.0,25.246391638130028,5.0,5.0,2,0.1604941246046662,0.9921843979587539,3.0463033517737843
EWA40,Ewa,100,62.29550020729024,10.114832535885167,0.0,19.69217662642647,5.000000000000001,5.0,3,0.0879106278678529,0.9921843979587539,3.0463033517737843
EWA40,Ewa,200,57.37995025827434,7.1587421784703675,0.0,15.489993070011256,5.2131599388469985,6.880000114440918,20,0.10853797716090273,0.9921843979587539,3.0463033517737843
EWA42,Ewa,50,22.958988118052893,1.0967988776941717,0.0,0.0,0.0,0.0,0,0.0,0.9999613823802309,3.211485501468632
EWA42,Ewa,100,12.082057172026545,0.8513216210183975,0.0,0.0,0.0,0.0,0,0.0,0.9999613823802309,3.211485501468632
EWA42,Ewa,200,18.801613366068295,7.575455682986507,0.0,1.1523682302182798,4.972865504321536,9.449999809265137,12,0.05448279231025659,0.9999613823802309,3.211485501468632
EWA45,Ewa,50,79.5858366355618,5.308153630215644,0.0,27.622683030719514,3.5261520638246497,4.940000057220459,17,0.3460668217689883,0.9939743862309783,1.7796683963949071
EWA45,Ewa,100,76.29790357063084,2.7639632746748277,0.0,29.210857143135613,3.4362863619040445,5.599999904632568,57,0.3187774265573911,0.9939743862309783,1.7796683963949071
EWA45,Ewa,200,75.5255123596043,1.458667113034745,0.0,28.610627582683783,3.700955137644324,6.019999980926514,196,0.3145062469251178,0.9939743862309783,1.7796683963949071
EWA46,Ewa,50,0.0,0.0,0.0,0.0,0.0,0.0,0,0.0,0.9982185922789021,0.4507037096079975
EWA46,Ewa,100,17.602781233055847,0.0,0.0,4.9224302117796395,7.086557394266834,10.220000267028809,4,0.10284534350255041,0.9982185922789021,0.4507037096079975
EWA46,Ewa,200,18.905131597825566,0.0,10.560629971466373,6.475448442107591,8.721312148532983,12.880000114440918,13,0.11907807791655886,0.9982185922789021,0.4507037096079975
EWA48,Ewa,50,43.57270636340404,3.7240147940313735,0.0,8.70832442408879,5.68485576696241,6.360000133514404,10,0.288001754301397,0.9949670461529193,2.4051571883699743
EWA48,Ewa,100,51.038443132876054,2.831542361531839,0.0,12.696203863600333,5.801854518601117,6.679999828338623,54,0.37399508424027866,0.9949670461529193,2.4051571883699743
EWA48,Ewa,200,51.14501382943957,3.326532563996302,0.0,15.007593991728122,5.826868598632618,6.710000038146973,241,0.41687722979143604,0.9949670461529193,2.4051571883699743
EWA50,Ewa,50,32.22392246875797,42.14823319300931,0.0,7.590475211316751,4.227283058503291,4.739999771118164,3,0.11412806582955613,0.9981424350095693,2.348498363245884
EWA50,Ewa,100,33.54369860393957,25.505388686945984,0.0,8.214840471248161,4.618262996021163,6.639999866485596,12,0.12662503237520156,0.9981424350095693,2.348498363245884
EWA50,Ewa,200,41.866656039532934,18.900392944533447,0.0,12.82594092900537,4.230074136156401,6.639999866485596,69,0.15455093329804562,0.9981424350095693,2.348498363245884
HNL01,Honolulu,50,3.6407766990291264,51.75270873167623,0.0,2.332574412057168,5.275541364746566,10.800000190734863,3,0.12178915969441195,0.9877695514324683,2.4437457959243583
HNL01,Honolulu,100,28.079635006221483,22.630320420851266,0.0,16.71775245320104,8.567061119764384,11.739999771118164,18,0.34718557508790476,0.9877695514324683,2.4437457959243583
HNL01,Honolulu,200,39.40881987181531,19.185615570379934,0.0,16.974276537516673,10.597300934284496,36.06999969482422,59,0.39082905421236586,0.9877695514324683,2.4437457959243583
HNL03,Honolulu,50,54.39805949189327,0.0,0.0,7.944839459701408,4.621418535064688,6.75,3,0.1258735214326913,0.9958161666359493,1.537517268821793
HNL03,Honolulu,100,61.15080377647359,2.3994646612707924,0.0,15.335942823340593,6.320589183943992,10.5600004196167,10,0.18550278661005534,0.9958161666359493,1.537517268821793
HNL03,Honolulu,200,61.87716711171336,8.22638501394978,2.720605819051415,20.371985901264193,6.033342648469153,17.690000534057617,80,0.2776861790368515,0.9958161666359493,1.537517268821793
HNL04,Honolulu,50,73.05435059964276,13.092348958998596,0.0,20.124837951185835,4.255697627011422,7.179999828338623,15,0.3375664364243033,0.07961783028407275,2.3004124000919868
HNL04,Honolulu,100,80.80885401715945,10.133001626638599,0.0,24.686368182797047,4.888071501576313,16.989999771118164,41,0.3512442826592174,0.07961783028407275,2.3004124000919868
HNL04,Honolulu,200,79.76311930115412,9.032067786342296,0.0,26.271360002203494,6.4444418476324055,16.989999771118164,136,0.43528528858183085,0.07961783028407275,2.3004124000919868
HNL05,Honolulu,50,81.96658589465629,3.200714103545014,0.0,31.108340458739043,4.796091967326655,6.480000019073486,24,0.5999676232905522,0.9365867190352345,1.9892112683469583
HNL05,Honolulu,100,80.39028123206428,0.9372907833072974,0.0,30.75679702092224,4.678631365213902,6.559999942779541,76,0.5170562756605682,0.9365867190352345,1.9892112683469583
HNL05,Honolulu,200,81.72390980320264,2.05880711934386,0.0,29.23315797410538,4.498820538109645,7.210000038146973,249,0.4363390859709342,0.9365867190352345,1.9892112683469583
HNL08,Honolulu,50,36.750828870186176,17.77381104169323,0.0,16.37932044536452,12.579999923706055,12.579999923706055,1,0.23864853150500354,0.9374968775571004,1.3327683270500417
HNL08,Honolulu,100,44.16706520006377,24.968908447335693,3.7596862144838803,8.807303754076171,8.330418190490953,12.579999923706055,3,0.11585230196916496,0.9374968775571004,1.3327683270500417
HNL08,Honolulu,200,49.78878403366703,13.615532371061713,2.588728510285573,14.627369520507091,5.413816654175861,12.579999923706055,85,0.22818658863628313,0.9374968775571004,1.3327683270500417
HNL09,Honolulu,50,88.94421039193158,1.0839071665391482,0.0,34.07868229364804,5.295221542866656,8.380000114440918,22,0.673853613757864,0.9738122208194822,1.587867708187148
HNL09,Honolulu,100,90.57097288676236,0.27085590465872156,0.0,40.805524689873295,6.310689458512436,19.360000610351562,56,0.7382228533196031,0.9738122208194822,1.587867708187148
HNL09,Honolulu,200,87.3715756836677,3.9079250456309826,0.0,33.42126516414921,6.998435286923928,21.639999389648438,172,0.6142020500451684,0.9738122208194822,1.587867708187148
HNL12,Honolulu,50,7.4466726274109085,11.320754716981131,0.0,0.0,0.0,0.0,0,0.0,0.9973689882736547,0.3113714390274325
HNL12,Honolulu,100,13.567919351751419,11.509530184228979,0.0,1.4824495885159719,5.570000171661377,5.570000171661377,1,0.035810794626199356,0.9973689882736547,0.3113714390274325
HNL12,Honolulu,200,19.143271637412916,15.149438112696261,0.0,7.371389161975625,12.041792090651763,23.100000381469727,14,0.17461091570571943,0.9973689882736547,0.3113714390274325
HNL14,Honolulu,50,8.487555839183152,17.600510529674537,31.21888959795788,4.02040542363012,4.130000114440918,4.130000114440918,1,0.05833654999375909,0.981744309803398,0.8180940614710849
HNL14,Honolulu,100,16.172532517214997,11.44514936079319,40.28756336276979,11.837789344922738,4.111529033631097,4.519999980926514,5,0.07914050766267386,0.981744309803398,0.8180940614710849
HNL14,Honolulu,200,43.65599968118599,4.870543970410051,24.309674127925515,14.378831008239047,15.85307326510737,45.810001373291016,42,0.46722536386485947,0.981744309803398,0.8180940614710849
HNL17,Honolulu,50,43.4788157223073,57.03552782376162,0.0,13.076772070417785,4.871707747822494,7.0,6,0.21109616636731462,0.9903635433942526,0.54684879819983
HNL17,Honolulu,100,55.315349786365665,39.84317725432697,0.0,17.77332969359207,5.141240055772859,7.159999847412109,19,0.218765374879316,0.9903635433942526,0.54684879819983
HNL17,Honolulu,200,49.797128713660534,37.84979317270677,0.0,14.119088626456074,4.983543196506274,7.570000171661377,56,0.1686631879959644,0.9903635433942526,0.54684879819983
HNL18,Honolulu,50,86.38162093171665,12.876083630800611,0.0,22.77167391630748,7.2122375601243,19.149999618530273,14,0.5829076512234475,0.9423281003610042,1.7283686144436758
HNL18,Honolulu,100,92.37590914890902,8.59200713875964,0.0,23.550330630912143,7.813103681134207,29.81999969482422,48,0.5938174033011182,0.9423281003610042,1.7283686144436758
HNL18,Honolulu,200,91.03591215273626,3.4250233143895614,0.0,29.84328521656944,8.833215028019634,52.790000915527344,172,0.7208563908807459,0.9423281003610042,1.7283686144436758
HNL20,Honolulu,50,19.83924470528196,76.56070471083876,0.0,1.7184330866793596,5.0,5.0,2,0.0918996186058415,0.9784793741280748,2.67234598521144
HNL20,Honolulu,100,37.77983289750622,52.25656237042707,0.0,10.716383801286606,13.785903404938304,32.18000030517578,7,0.3061786026458532,0.9784793741280748,2.67234598521144
HNL20,Honolulu,200,35.26087580303199,39.64166447489021,0.0,12.916209406167923,13.46723685055794,32.18000030517578,18,0.251805903555123,0.9784793741280748,2.67234598521144
HNL21,Honolulu,50,76.93092021412184,0.0,0.0,20.141140710411452,6.7597774568984,14.670000076293945,7,0.3664100654281625,0.013843974245485006,0.4590624318252035
HNL21,Honolulu,100,74.0764351512447,8.861526683466778,0.0,26.73665888495293,9.660907645827523,27.329999923706055,15,0.43747969168249584,0.013843974245485006,0.4590624318252035
HNL21,Honolulu,200,79.90451215915702,10.184948979591837,0.0,34.37014763779539,18.14080320612294,42.790000915527344,60,0.9588468482960087,0.013843974245485006,0.4590624318252035
HNL22,Honolulu,50,42.993752390666835,1.8612952575216726,0.0,17.390456762600007,24.346383136856627,35.54999923706055,5,1.0545539364933272,0.8523299234081465,0.7269279876977373
HNL22,Honolulu,100,52.92974350804524,5.220883534136546,0.0,26.78921265724692,11.91611257657281,35.54999923706055,18,0.591728126137517,0.8523299234081465,0.7269279876977373
HNL22,Honolulu,200,58.79075328816261,12.999673194799811,2.868711988968332,20.868272490458672,18.441953071238952,56.470001220703125,40,0.606227418116657,0.8523299234081465,0.7269279876977373
HNL26,Honolulu,50,52.037817810144375,43.05024228513135,12.94312675337924,0.7068177115997553,3.9800000190734863,3.9800000190734863,1,0.04907111715700484,0.9995207675967875,0.1567183615474301
HNL26,Honolulu,100,28.633419482467055,21.780441922010013,20.469980550330007,0.17828488842082277,3.9800000190734863,3.9800000190734863,1,0.02346351256790615,0.9995207675967875,0.1567183615474301
HNL26,Honolulu,200,32.35308185325723,9.75372599027656,16.661353311548577,4.514656962817183,7.061703920839134,9.890000343322754,7,0.06697911451822477,0.9995207675967875,0.1567183615474301
HNL30,Honolulu,50,43.099923332481474,34.230327764315774,0.0,15.425272640880683,5.568869467397199,8.329999923706055,11,0.3434788492774391,0.9662078155288708,1.797707741408789
HNL30,Honolulu,100,55.43291010017227,23.931760204081634,0.0,21.381679161755578,6.831700625456091,20.489999771118164,34,0.41839421434121826,0.9662078155288708,1.797707741408789
HNL30,Honolulu,200,64.1201230886972,9.457316149805928,0.0,19.322355412485244,8.40176440557384,32.560001373291016,121,0.46557255382584317,0.9662078155288708,1.797707741408789
HNL31,Honolulu,50,85.25698252773881,0.0,0.0,34.16115927313384,3.9077025765797475,5.380000114440918,21,0.48667438656189,0.9791156360403546,1.3705720034486109
HNL31,Honolulu,100,79.93048691049393,0.9662606033548058,0.0,33.40406336312398,4.084907631188029,5.989999771118164,76,0.4764441250910903,0.9791156360403546,1.3705720034486109
HNL31,Honolulu,200,78.36077856243325,1.6124275682870648,0.0,35.5609855851938,4.075861929489842,7.320000171661377,275,0.47271968373486234,0.9791156360403546,1.3705720034486109
HNL32,Honolulu,50,59.56849227626707,22.89325842696629,0.0,14.416007844912874,5.582454165704738,7.269999980926514,10,0.32137811804069866,0.9881062531539189,1.0394878876315672
HNL32,Honolulu,100,76.63530537394355,9.190051020408163,0.0,21.812991996314754,4.889108715236004,9.649999618530273,54,0.3806352983005356,0.9881062531539189,1.0394878876315672
HNL32,Honolulu,200,87.12729243546111,3.4439883632885664,0.0,30.011764275500944,6.297596521961136,32.84000015258789,201,0.5574617318264251,0.9881062531539189,1.0394878876315672
HNL33,Honolulu,50,81.19887525562372,17.005238277756483,0.0,6.371769586868877,4.850262665461691,8.5,7,0.19384861998200795,0.90382133368986,0.47151442839192115
HNL33,Honolulu,100,78.93578332854818,7.502313559051601,0.0,20.821081871919255,18.588541380744324,37.9900016784668,22,0.905466328537096,0.90382133368986,0.47151442839192115
HNL33,Honolulu,200,81.88898543561618,7.337760169633391,0.0,34.729260910940646,19.50092547283553,54.20000076293945,72,1.1375147215179975,0.90382133368986,0.47151442839192115
HNL34,Honolulu,50,78.38252203909543,14.263842817045164,0.0,16.702650319721357,4.928383778026004,6.570000171661377,9,0.2823668005480011,0.9903643442567761,1.1898710706615956
HNL34,Honolulu,100,78.68261562998406,14.968437161257413,0.0,19.43839034609524,5.647311303521714,8.770000457763672,22,0.26750365967109824,0.9903643442567761,1.1898710706615956
HNL34,Honolulu,200,78.1716864108165,13.705017335511895,0.0,24.29298048939679,9.147299302445806,33.22999954223633,81,0.458319028620166,0.9903643442567761,1.1898710706615956
HNL35,Honolulu,50,78.58694263447042,20.655361468825703,0.0,1.1228884668295913,4.641579716727397,5.679999828338623,2,0.082914594015043,0.9941678771379626,1.7376456269753915
HNL35,Honolulu,100,76.78736640612537,10.74583080896655,0.0,8.41553952203558,6.532755922873186,10.050000190734863,16,0.20784064784057638,0.9941678771379626,1.7376456269753915
HNL35,Honolulu,200,70.7735476053823,9.226906830318004,0.0015940065354267952,17.516599873797436,8.915933483477085,21.43000030517578,83,0.39438586295656275,0.9941678771379626,1.7376456269753915
HNL37,Honolulu,50,45.899335717935614,43.51934618822628,0.0,8.235659104470914,12.19040599805015,17.729999542236328,3,0.3344106437039043,0.9662980608464675,1.3589908964111201
HNL37,Honolulu,100,52.62318609472174,33.274838874353904,0.0,22.785988949763492,15.70948640999628,17.729999542236328,4,0.3394316207996483,0.9662980608464675,1.3589908964111201
HNL37,Honolulu,200,69.65771769282276,18.817452852747532,0.0,27.174973350762624,14.296656829282568,28.34000015258789,24,0.4130639032191908,0.9662980608464675,1.3589908964111201
HNL38,Honolulu,50,99.73217701823746,2.8291066649675036,0.0,2.3239668783778122,16.520000457763672,16.520000457763672,1,0.22011339786010287,0.9759586914964845,0.3966641167210317
HNL38,Honolulu,100,94.63602753697093,3.582470119521912,0.0,14.081841769926749,16.314323719827453,16.520000457763672,2,0.20852456744003361,0.9759586914964845,0.3966641167210317
HNL38,Honolulu,200,85.78533739299549,2.000637653435358,0.0,11.860529060720093,14.579915187825863,37.880001068115234,15,0.24316431782783257,0.9759586914964845,0.3966641167210317
HNL43,Honolulu,50,91.77085991324317,7.91422006637733,0.0,49.603597552485205,6.937784517570486,19.020000457763672,14,0.9913679422151109,0.03514000071297903,2.0988346761561
HNL43,Honolulu,100,86.62393979975766,14.342197563930872,0.0,36.752382306134514,10.22216647810733,34.83000183105469,33,0.8420531154050033,0.03514000071297903,2.0988346761561
HNL43,Honolulu,200,78.45756551680164,16.26917067882537,0.0,26.135697868188853,10.409246513706456,40.11000061035156,112,0.6363096609049903,0.03514000071297903,2.0988346761561
HNL44,Honolulu,50,93.57306809487376,0.0,0.0,23.553387422507836,15.13190107192559,24.149999618530273,4,0.6640316409925336,0.700516947931778,1.5785792539511312
HNL44,Honolulu,100,78.69186880438593,0.7465543644716692,0.0,18.416322512725916,9.169076388267277,24.149999618530273,21,0.41560567645684904,0.700516947931778,1.5785792539511312
HNL44,Honolulu,200,85.05101227482864,3.7878123629986846,0.0007970985612370969,22.666875952943318,7.661496390118282,24.149999618530273,106,0.4250695580353556,0.700516947931778,1.5785792539511312
HNL45,Honolulu,50,60.91117917304747,0.434560327198364,0.0,9.101079452536034,21.560675147377413,26.309999465942383,2,0.49309072936735093,0.9181931109902598,1.5707737842859446
HNL45,Honolulu,100,73.81210536386249,2.7432216905901115,0.0,27.40326280343103,19.109290443636304,26.309999465942383,17,0.9336047075873074,0.9181931109902598,1.5707737842859446
HNL45,Honolulu,200,78.07565068356651,4.132521284397819,0.0,28.39617930767976,17.165279775955923,26.309999465942383,67,0.8491891493817965,0.9181931109902598,1.5707737842859446
HNL47,Honolulu,50,99.4128159305591,0.7521672616012238,0.0,32.34122286120248,13.70404182140895,27.829999923706055,14,1.3425504734993836,0.8784864007367688,1.3083636851984595
HNL47,Honolulu,100,94.57502790623505,3.4811438043928717,0.0,24.66792687559647,10.195267517190734,27.829999923706055,40,0.7233495590223576,0.8784864007367688,1.3083636851984595
HNL47,Honolulu,200,91.45758280995952,3.359000111594688,0.0,29.828604960763773,11.054694020725211,60.0,179,0.9200477311344153,0.8784864007367688,1.3083636851984595
HNL50,Honolulu,50,59.57120980091884,0.6767973438896693,0.0,20.308461884734445,6.053304071078465,9.229999542236328,10,0.3935017326135667,0.07468036877373956,1.6953119953692175
HNL50,Honolulu,100,60.37044121397603,12.193877551020408,0.0,19.3223268948871,6.792063246724508,20.770000457763672,32,0.38710665752599466,0.07468036877373956,1.6953119953692175
HNL50,Honolulu,200,76.16489454974415,11.45872356706175,0.0,25.542699335245132,7.834035815923167,56.06999969482422,111,0.4711238054304343,0.07468036877373956,1.6953119953692175
Hnl15a,Honolulu,50,96.42629227823868,0.012748597654258032,0.0,11.76527071521682,18.94953623593112,52.34000015258789,7,0.8617668838897068,0.8634335557154714,0.6619803800831309
Hnl15a,Honolulu,100,97.66484831084314,3.7797182739499013,0.0,40.54488607757679,17.969094810981176,52.34000015258789,12,0.967572685139182,0.8634335557154714,0.6619803800831309
Hnl15a,Honolulu,200,96.168777851295,7.928676189261574,0.0,43.70472756649237,15.972111349711385,52.34000015258789,27,0.6913705755539316,0.8634335557154714,0.6619803800831309
Hnl21a,Honolulu,50,83.78998343315916,0.0,0.0,24.826581298683962,4.600202106774175,5.550000190734863,17,0.426902855516084,0.9745930866186104,1.5966678384651056
Hnl21a,Honolulu,100,80.08095101507473,0.4941971687284785,0.0,31.985497649913526,4.611689956978882,6.75,81,0.5394410983674719,0.9745930866186104,1.5966678384651056
Hnl21a,Honolulu,200,79.57501753491042,1.2456267582623388,0.0,33.39160989408135,4.4588194292587815,7.539999961853027,282,0.5007564151585551,0.9745930866186104,1.5966678384651056
ID06,Honolulu,50,7.984159427695452,9.917038927887683,14.48627951499681,0.0,0.0,0.0,0,0.0,0.9993749740267087,0.13970573432459538
ID06,Honolulu,100,20.049741725655252,19.292091836734695,6.211734693877551,0.041139197210979764,3.9800000190734863,3.9800000190734863,1,0.02293804172835899,0.9993749740267087,0.13970573432459538
ID06,Honolulu,200,31.315716050858942,8.941197101703427,6.787402453508485,5.874528421750554,9.148342573257246,15.90999984741211,10,0.10780321225059056,0.9993749740267087,0.13970573432459538
ID07,Honolulu,50,62.07556803676283,15.270684371807967,29.226251276813073,14.530982858533749,15.300147239925279,38.25,7,0.7387457464845615,0.8515481440548673,0.4403832161734049
ID07,Honolulu,100,59.81949228217885,10.996300548539354,27.876642428881233,20.901738138143042,19.22639977922509,38.25,19,0.8717586705737537,0.8515481440548673,0.4403832161734049
ID07,Honolulu,200,71.27337361113325,11.697989893676375,14.04045717564918,29.921819959999286,22.54380019839706,60.0,48,0.9734230069323041,0.8515481440548673,0.4403832161734049
ID22,Honolulu,50,17.812061711079945,18.119090212113466,11.730130334781498,4.184671458247943,5.751106274380312,5.920000076293945,2,0.11546903082032522,0.985681712125703,2.490914789321154
ID22,Honolulu,100,27.576646057747467,19.865373572385632,3.139156511197601,8.17091825587293,10.413426892072497,13.550000190734863,6,0.20167531679973044,0.985681712125703,2.490914789321154
ID22,Honolulu,200,42.395766082430676,19.849031939230173,0.7843324804514694,11.30768259317989,13.837811258479633,32.18000030517578,20,0.2632293344501159,0.985681712125703,2.490914789321154
ID26,Honolulu,50,79.36447166921899,0.0,0.0,25.246843731508346,22.304915566331967,33.0,6,1.2400930451814023,0.779086402670056,0.8117130937708954
ID26,Honolulu,100,85.37720808621899,0.36345087036918955,0.0,41.186935931946444,20.834811596946615,33.0,36,1.970395756753874,0.779086402670056,0.8117130937708954
ID26,Honolulu,200,88.17555718521825,4.64680606819142,0.0,36.0134980056291,16.84675435542531,33.0,133,1.3716654729627822,0.779086402670056,0.8117130937708954
ID27,Honolulu,50,77.09077001529832,11.818065670116264,0.0,22.642197093768598,5.425731928192521,7.440000057220459,14,0.4373820512829967,0.9154570552796211,2.0715109266235827
ID27,Honolulu,100,76.22052262587636,5.439811122100629,0.0,26.125731032515628,4.8279935089669594,7.690000057220459,53,0.40596463831718155,0.9154570552796211,2.0715109266235827
ID27,Honolulu,200,76.74318507890962,4.248670795768866,0.0,27.42715584324051,4.743873439954278,9.25,200,0.3976675033353806,0.9154570552796211,2.0715109266235827
ID41,Honolulu,50,64.66011988266803,1.4679601736022465,0.0,18.346256639848317,3.7453018516864356,4.889999866485596,11,0.2453794515005801,0.9780471471376269,2.395638361788394
ID41,Honolulu,100,60.30171588951968,8.270077183134529,0.0,19.59059502386734,4.501811285384331,5.769999980926514,36,0.273624775357403,0.9780471471376269,2.395638361788394
ID41,Honolulu,200,66.20202116806936,8.064464707007588,0.0,25.782768330053226,5.47201483883245,9.90999984741211,147,0.38052177964676603,0.9780471471376269,2.395638361788394
ID46,Honolulu,50,1.481103166496425,0.0,37.18406944089865,0.0,0.0,0.0,0,0.0,0.9905006146774807,0.9809413197410238
ID46,Honolulu,100,1.3201530612244898,0.0,42.01077771754727,0.0,0.0,0.0,0,0.0,0.9905006146774807,0.9809413197410238
ID46,Honolulu,200,28.279309300212056,6.498899977680707,25.51573510187163,10.009841350136533,15.007925289793246,44.279998779296875,57,0.4679392189167036,0.9905006146774807,0.9809413197410238
