region,sensor_id,model,serial_number,sample_rate_s,resolution_c,mission_start,first_sample_utc,mission_samples,device_samples,rollover,min_c,max_c,app_version,readings,first,last
Honolulu,HNL01,DS1921H,224F2000026D9C21,1800,0.5,2024-12-08 16:31:00 UTC-10:00,2024-12-09 02:31:00 UTC+00:00,2756,24090,TRUE,16.5,37,3.5.4,2048,2024-12-08 16:31:00,2025-01-20 08:01:00
Honolulu,HNL03,DS1921H,C04F2000026D5021,1800,0.5,2024-11-23 22:01:00 UTC-10:00,2024-11-24 08:01:00 UTC+00:00,2394,3776,FALSE,17.375,36.25,3.4.14,2048,2024-11-23 22:01:00,2025-01-05 13:31:00
Honolulu,HNL04,DS1921H,8E4F200002761121,1800,0.5,2024-11-23 22:01:00 UTC-10:00,2024-11-24 08:01:00 UTC+00:00,2393,2393,FALSE,17,36.875,3.4.14,2048,2024-11-23 22:01:00,2025-01-05 13:31:00
Honolulu,HNL05,DS1921H,5A4F20000278C721,1800,0.5,2024-11-23 22:32:00 UTC-10:00,2024-11-24 08:32:00 UTC+00:00,2393,4404,FALSE,18,36.375,3.4.14,2048,2024-11-23 22:32:00,2025-01-05 14:02:00
Honolulu,HNL08,DS1921H,394F200002748621,1800,0.5,2024-11-23 22:32:00 UTC-10:00,2024-11-24 08:32:00 UTC+00:00,2392,4404,FALSE,20.75,36.25,3.4.14,2048,2024-11-23 22:32:00,2025-01-05 14:02:00
Honolulu,HNL09,DS1921H,AD4F2000027D4D21,1800,0.5,2024-11-23 22:31:00 UTC-10:00,2024-11-24 08:31:00 UTC+00:00,2393,8344,FALSE,18.25,35.75,3.4.14,2048,2024-11-23 22:31:00,2025-01-05 14:01:00
Honolulu,HNL12,DS1921H,AC4F20000267BB21,1800,0.5,2024-11-23 22:01:00 UTC-10:00,2024-11-24 08:01:00 UTC+00:00,2392,3884,FALSE,18.875,31.125,3.4.14,2048,2024-11-23 22:01:00,2025-01-05 13:31:00
Honolulu,HNL14,DS1921H,3C4F2000025BA921,1800,0.5,2024-11-23 22:31:00 UTC-10:00,2024-11-24 08:31:00 UTC+00:00,2392,8898,FALSE,17.625,36.25,3.4.14,2048,2024-11-23 22:31:00,2025-01-05 14:01:00
Honolulu,HNL17,DS1921H,CF4F200002709021,1800,0.5,2024-11-23 22:01:00 UTC-10:00,2024-11-24 08:01:00 UTC+00:00,2393,8343,FALSE,18.25,30.875,3.4.14,2048,2024-11-23 22:01:00,2025-01-05 13:31:00
Honolulu,HNL18,DS1921H,3D4F200002627F21,1800,0.5,2024-11-23 22:31:00 UTC-10:00,2024-11-24 08:31:00 UTC+00:00,2392,3094,FALSE,19.375,34.75,3.4.14,2048,2024-11-23 22:31:00,2025-01-05 14:01:00
Honolulu,HNL20,DS1921H,044F20000268FD21,1800,0.5,2024-11-23 22:01:00 UTC-10:00,2024-11-24 08:01:00 UTC+00:00,2393,3084,FALSE,18.25,37.625,3.4.14,2048,2024-11-23 22:01:00,2025-01-05 13:31:00
Honolulu,HNL21,DS1921H,D24F200002634521,1800,0.5,2024-11-23 22:31:00 UTC-10:00,2024-11-24 08:31:00 UTC+00:00,2391,3829,FALSE,20.25,28.125,3.4.14,2048,2024-11-23 22:31:00,2025-01-05 14:01:00
Honolulu,HNL22,DS1921H,AE4F20000262D521,1800,0.5,2024-11-23 22:01:00 UTC-10:00,2024-11-24 08:01:00 UTC+00:00,2392,4268,FALSE,18.75,31.625,3.4.14,2048,2024-11-23 22:01:00,2025-01-05 13:31:00
Honolulu,HNL26,DS1921H,5A4F2000027E9121,1800,0.5,2024-11-23 22:02:00 UTC-10:00,2024-11-24 08:02:00 UTC+00:00,2393,8738,FALSE,20.125,32.5,3.4.14,2048,2024-11-23 22:02:00,2025-01-05 13:32:00
Honolulu,HNL30,DS1921H,B34F2000026C3C21,1800,0.5,2024-11-23 22:01:00 UTC-10:00,2024-11-24 08:01:00 UTC+00:00,2757,3503,FALSE,18.375,33.875,3.5.4,2048,2024-11-23 22:01:00,2025-01-05 13:31:00
Honolulu,HNL31,DS1921H,EE4F2000027AC621,1800,0.5,2024-11-23 22:31:00 UTC-10:00,2024-11-24 08:31:00 UTC+00:00,2393,8344,FALSE,18,37.25,3.4.14,2048,2024-11-23 22:31:00,2025-01-05 14:01:00
Honolulu,HNL32,DS1921H,734F2000025C4821,1800,0.5,2024-11-23 22:01:00 UTC-10:00,2024-11-24 08:01:00 UTC+00:00,2393,6958,FALSE,18.75,32.75,3.4.14,2048,2024-11-23 22:01:00,2025-01-05 13:31:00
Honolulu,HNL33,DS1921H,3B4F20000276A721,1800,0.5,2024-11-23 22:31:00 UTC-10:00,2024-11-24 08:31:00 UTC+00:00,2391,12828,FALSE,20.625,30.5,3.4.14,2048,2024-11-23 22:31:00,2025-01-05 14:01:00
Honolulu,HNL34,DS1921H,3D4F200002653021,1800,0.5,2024-12-01 02:01:00 UTC-10:00,2024-12-01 12:01:00 UTC+00:00,2392,23723,TRUE,19.125,39.25,3.4.14,2048,2024-12-01 02:01:00,2025-01-12 17:31:00
Honolulu,HNL35,DS1921H,294F20000279AB21,1800,0.5,2024-11-23 22:31:00 UTC-10:00,2024-11-24 08:31:00 UTC+00:00,2392,2392,FALSE,19.125,34.75,3.4.14,2048,2024-11-23 22:31:00,2025-01-05 14:01:00
Honolulu,HNL37,DS1921H,604F2000026A9221,1800,0.5,2024-11-23 23:01:00 UTC-10:00,2024-11-24 09:01:00 UTC+00:00,2391,2391,FALSE,18.125,34.25,3.4.14,2048,2024-11-23 23:01:00,2025-01-05 14:31:00
Honolulu,HNL38,DS1921H,FD4F20000278FA21,1800,0.5,2024-11-23 22:31:00 UTC-10:00,2024-11-24 08:31:00 UTC+00:00,2391,3775,FALSE,19.25,35.25,3.4.14,2048,2024-11-23 22:31:00,2025-01-05 14:01:00
Honolulu,HNL43,DS1921H,FC4F200002796621,1800,0.5,2024-11-23 22:01:00 UTC-10:00,2024-11-24 08:01:00 UTC+00:00,2393,8672,FALSE,17.875,37,3.4.14,2048,2024-11-23 22:01:00,2025-01-05 13:31:00
Honolulu,HNL44,DS1921H,D14F2000025A8021,1800,0.5,2024-11-23 23:02:00 UTC-10:00,2024-11-24 09:02:00 UTC+00:00,2391,2391,FALSE,20,36.375,3.4.14,2048,2024-11-23 23:02:00,2025-01-05 14:32:00
Honolulu,HNL45,DS1921H,BD4F2000026B0A21,1800,0.5,2024-11-23 22:01:00 UTC-10:00,2024-11-24 08:01:00 UTC+00:00,2757,4140,FALSE,19.125,33.125,3.5.4,2048,2024-11-23 22:01:00,2025-01-05 13:31:00
Honolulu,HNL47,DS1921H,304F200002755621,1800,0.5,2024-11-23 21:30:00 UTC-10:00,2024-11-24 07:30:00 UTC+00:00,2393,2393,FALSE,19.125,35.25,3.4.14,2048,2024-11-23 21:30:00,2025-01-05 13:00:00
Honolulu,HNL50,DS1921H,6E4F200002709821,1800,0.5,2024-11-23 22:01:00 UTC-10:00,2024-11-24 08:01:00 UTC+00:00,2392,3884,FALSE,17.875,37.125,3.4.14,2048,2024-11-23 22:01:00,2025-01-05 13:31:00
Honolulu,Hnl15a,DS1921H,084F20000270D621,1800,0.5,2024-11-23 22:01:00 UTC-10:00,2024-11-24 08:01:00 UTC+00:00,2394,8707,FALSE,17.625,40.875,3.4.14,2048,2024-11-23 22:01:00,2025-01-05 13:31:00
Honolulu,Hnl21a,DS1921H,9D4F2000027ED721,1800,0.5,2024-11-23 22:32:00 UTC-10:00,2024-11-24 08:32:00 UTC+00:00,2391,3884,FALSE,20,37.625,3.4.14,2048,2024-11-23 22:32:00,2025-01-05 14:02:00
Honolulu,ID06,DS1921H,C94F20000275D821,1800,0.5,2024-11-23 22:01:00 UTC-10:00,2024-11-24 08:01:00 UTC+00:00,2393,24154,FALSE,19.25,43.75,3.4.14,2048,2024-11-23 22:01:00,2025-01-05 13:31:00
Honolulu,ID07,DS1921H,BE4F200002624D21,1800,0.5,2024-11-23 22:01:00 UTC-10:00,2024-11-24 08:01:00 UTC+00:00,2393,6594,FALSE,20.5,36.375,3.4.14,2048,2024-11-23 22:01:00,2025-01-05 13:31:00
Honolulu,ID22,DS1921H,8C4F2000025DEA21,1800,0.5,2024-11-23 22:01:00 UTC-10:00,2024-11-24 08:01:00 UTC+00:00,2394,4406,FALSE,18,38.875,3.4.14,2048,2024-11-23 22:01:00,2025-01-05 13:31:00
Honolulu,ID26,DS1921H,474F2000026D4421,1800,0.5,2024-11-23 22:01:00 UTC-10:00,2024-11-24 08:01:00 UTC+00:00,2393,4631,FALSE,20.25,32.75,3.4.14,2048,2024-11-23 22:01:00,2025-01-05 13:31:00
Honolulu,ID27,DS1921H,744F200002737421,1800,0.5,2024-11-23 22:31:00 UTC-10:00,2024-11-24 08:31:00 UTC+00:00,2393,6333,FALSE,18.75,35.75,3.4.14,2048,2024-11-23 22:31:00,2025-01-05 14:01:00
Honolulu,ID41,DS1921H,784F2000025C9221,1800,0.5,2024-11-23 22:31:00 UTC-10:00,2024-11-24 08:31:00 UTC+00:00,2393,4269,FALSE,18.125,36.25,3.4.14,2048,2024-11-23 22:31:00,2025-01-05 14:01:00
Honolulu,ID46,DS1921H,624F200002758F21,1800,0.5,2024-11-23 23:01:00 UTC-10:00,2024-11-24 09:01:00 UTC+00:00,2390,23723,FALSE,18.5,35.875,3.4.14,2048,2024-11-23 23:01:00,2025-01-05 14:31:00
Ewa,AD1,DS1921H,5A4F20000265FB21,1800,0.5,2024-11-14 23:01:00 UTC-10:00,2024-11-15 09:01:00 UTC+00:00,4215,4215,FALSE,16.375,46.375,3.5.4,2048,2024-11-14 23:01:00,2024-12-27 14:31:00
Ewa,AD3,DS1921H,D94F2000025BD521,1800,0.5,2024-11-14 23:01:00 UTC-10:00,2024-11-15 09:01:00 UTC+00:00,4212,4212,FALSE,16.5,46.375,3.5.4,2048,2024-11-14 23:01:00,2024-12-27 14:31:00
Ewa,EWA03,DS1921H,724F20000262D121,1800,0.5,2024-11-14 21:31:00 UTC-10:00,2024-11-15 07:31:00 UTC+00:00,4217,5534,FALSE,17.5,46.375,3.5.4,2048,2024-11-14 21:31:00,2024-12-27 13:01:00
Ewa,EWA04,DS1921H,2A4F2000026DD021,1800,0.5,2024-11-14 20:31:00 UTC-10:00,2024-11-15 06:31:00 UTC+00:00,4219,5534,FALSE,17.125,46.375,3.5.4,2048,2024-11-14 20:31:00,2024-12-27 12:01:00
Ewa,EWA05,DS1921H,414F200002761B21,1800,0.5,2024-11-14 22:01:00 UTC-10:00,2024-11-15 08:01:00 UTC+00:00,4216,5533,FALSE,16.625,35.125,3.5.4,2048,2024-11-14 22:01:00,2024-12-27 13:31:00
Ewa,EWA07,DS1921H,B54F2000026E3B21,1800,0.5,2024-11-14 21:31:00 UTC-10:00,2024-11-15 07:31:00 UTC+00:00,4218,5534,FALSE,16.625,46.375,3.5.4,2048,2024-11-14 21:31:00,2024-12-27 13:01:00
Ewa,EWA08,DS1921H,DE4F200002795C21,1800,0.5,2024-11-14 21:31:00 UTC-10:00,2024-11-15 07:31:00 UTC+00:00,4218,5534,FALSE,16.5,42.5,3.5.4,2048,2024-11-14 21:31:00,2024-12-27 13:01:00
Ewa,EWA09,DS1921H,354F200002719121,1800,0.5,2024-11-14 22:31:00 UTC-10:00,2024-11-15 08:31:00 UTC+00:00,4214,5532,FALSE,16.625,46.375,3.5.4,2048,2024-11-14 22:31:00,2024-12-27 14:01:00
Ewa,EWA12,DS1921H,244F2000025D2B21,1800,0.5,2024-11-14 22:01:00 UTC-10:00,2024-11-15 08:01:00 UTC+00:00,4216,5532,FALSE,16.375,35.375,3.5.4,2048,2024-11-14 22:01:00,2024-12-27 13:31:00
Ewa,EWA13,DS1921H,8C4F200002679221,1800,0.5,2024-11-14 21:31:00 UTC-10:00,2024-11-15 07:31:00 UTC+00:00,4217,5532,FALSE,16.125,46.375,3.5.4,2048,2024-11-14 21:31:00,2024-12-27 13:01:00
Ewa,EWA14,DS1921H,B34F200002722B21,1800,0.5,2024-11-14 21:02:00 UTC-10:00,2024-11-15 07:02:00 UTC+00:00,4216,5530,FALSE,17.375,46.375,3.5.4,2048,2024-11-14 21:02:00,2024-12-27 12:32:00
Ewa,EWA15,DS1921H,C94F20000271BC21,1800,0.5,2024-11-14 23:01:00 UTC-10:00,2024-11-15 09:01:00 UTC+00:00,4213,5531,FALSE,17.25,46.375,3.5.4,2048,2024-11-14 23:01:00,2024-12-27 14:31:00
Ewa,EWA16,DS1921H,984F2000027E7421,1800,0.5,2024-11-14 20:31:00 UTC-10:00,2024-11-15 06:31:00 UTC+00:00,4218,5531,FALSE,14.5,46.375,3.5.4,2048,2024-11-14 20:31:00,2024-12-27 12:01:00
Ewa,EWA17,DS1921H,F54F20000279AF21,1800,0.5,2024-11-14 20:31:00 UTC-10:00,2024-11-15 06:31:00 UTC+00:00,4219,5532,FALSE,16.5,46.375,3.5.4,2048,2024-11-14 20:31:00,2024-12-27 12:01:00
Ewa,EWA18,DS1921H,074F2000027BC921,1800,0.5,2024-11-14 21:31:00 UTC-10:00,2024-11-15 07:31:00 UTC+00:00,4215,5529,FALSE,17.25,35,3.5.4,2048,2024-11-14 21:31:00,2024-12-27 13:01:00
Ewa,EWA19,DS1921H,1C4F2000025B8021,1800,0.5,2024-11-14 21:31:00 UTC-10:00,2024-11-15 07:31:00 UTC+00:00,4216,5529,FALSE,16.25,46.375,3.5.4,2048,2024-11-14 21:31:00,2024-12-27 13:01:00
Ewa,EWA20,DS1921H,664F200002637621,1800,0.5,2024-11-14 21:31:00 UTC-10:00,2024-11-15 07:31:00 UTC+00:00,4217,5530,FALSE,17.5,31.875,3.5.4,2048,2024-11-14 21:31:00,2024-12-27 13:01:00
Ewa,EWA21,DS1921H,B64F2000026D8621,1800,0.5,2024-11-14 22:31:00 UTC-10:00,2024-11-15 08:31:00 UTC+00:00,4216,5531,FALSE,17.375,34.125,3.5.4,2048,2024-11-14 22:31:00,2024-12-27 14:01:00
Ewa,EWA23,DS1921H,194F2000027B2821,1800,0.5,2024-11-14 21:31:00 UTC-10:00,2024-11-15 07:31:00 UTC+00:00,4217,5530,FALSE,15.5,46.375,3.5.4,2048,2024-11-14 21:31:00,2024-12-27 13:01:00
Ewa,EWA24,DS1921H,6E4F2000026F9621,1800,0.5,2024-11-14 22:31:00 UTC-10:00,2024-11-15 08:31:00 UTC+00:00,4213,5528,FALSE,18.125,46.375,3.5.4,2048,2024-11-14 22:31:00,2024-12-27 14:01:00
Ewa,EWA25,DS1921H,FE4F200002667B21,1800,0.5,2024-11-14 22:31:00 UTC-10:00,2024-11-15 08:31:00 UTC+00:00,4215,5529,FALSE,17.375,33.125,3.5.4,2048,2024-11-14 22:31:00,2024-12-27 14:01:00
Ewa,EWA26,DS1921H,FE4F200002602D21,1800,0.5,2024-11-14 23:01:00 UTC-10:00,2024-11-15 09:01:00 UTC+00:00,4212,5420,FALSE,17.875,46.375,3.5.4,2048,2024-11-14 23:01:00,2024-12-27 14:31:00
Ewa,EWA28,DS1921H,D94F200002696521,1800,0.5,2024-11-14 22:01:00 UTC-10:00,2024-11-15 08:01:00 UTC+00:00,4215,5421,FALSE,16.25,46.375,3.5.4,2048,2024-11-14 22:01:00,2024-12-27 13:31:00
Ewa,EWA29,DS1921H,C64F200002752421,1800,0.5,2024-11-14 22:32:00 UTC-10:00,2024-11-15 08:32:00 UTC+00:00,4215,5421,FALSE,16.625,46.375,3.5.4,2048,2024-11-14 22:32:00,2024-12-27 14:02:00
Ewa,EWA31,DS1921H,1F4F2000025C5921,1800,0.5,2024-11-14 23:01:00 UTC-10:00,2024-11-15 09:01:00 UTC+00:00,4214,5421,FALSE,16.875,46.375,3.5.4,2048,2024-11-14 23:01:00,2024-12-27 14:31:00
Ewa,EWA32,DS1921H,EB4F2000026E8821,1800,0.5,2024-11-14 21:31:00 UTC-10:00,2024-11-15 07:31:00 UTC+00:00,4216,5420,FALSE,17.5,45.875,3.5.4,2048,2024-11-14 21:31:00,2024-12-27 13:01:00
Ewa,EWA33,DS1921H,BE4F2000027B1521,1800,0.5,2024-11-14 21:31:00 UTC-10:00,2024-11-15 07:31:00 UTC+00:00,4215,5419,FALSE,17.25,46.375,3.5.4,2048,2024-11-14 21:31:00,2024-12-27 13:01:00
Ewa,EWA35,DS1921H,164F2000027D8221,1800,0.5,2024-11-14 22:31:00 UTC-10:00,2024-11-15 08:31:00 UTC+00:00,4215,5421,FALSE,15.875,41.125,3.5.4,2048,2024-11-14 22:31:00,2024-12-27 14:01:00
Ewa,EWA36,DS1921H,914F2000025D9D21,1800,0.5,2024-11-14 23:02:00 UTC-10:00,2024-11-15 09:02:00 UTC+00:00,4215,5422,FALSE,16.25,46.375,3.5.4,2048,2024-11-14 23:02:00,2024-12-27 14:32:00
Ewa,EWA37,DS1921H,574F2000027B0321,1800,0.5,2024-11-14 22:01:00 UTC-10:00,2024-11-15 08:01:00 UTC+00:00,4216,5420,FALSE,16.25,43.375,3.5.4,2048,2024-11-14 22:01:00,2024-12-27 13:31:00
Ewa,EWA38,DS1921H,FE4F2000027E3A21,1800,0.5,2024-11-14 21:01:00 UTC-10:00,2024-11-15 07:01:00 UTC+00:00,4218,5420,FALSE,16,46.375,3.5.4,2048,2024-11-14 21:01:00,2024-12-27 12:31:00
Ewa,EWA39,DS1921H,264F2000027B6521,1800,0.5,2024-11-14 21:31:00 UTC-10:00,2024-11-15 07:31:00 UTC+00:00,4218,5421,FALSE,17,46.375,3.5.4,2048,2024-11-14 21:31:00,2024-12-27 13:01:00
Ewa,EWA40,DS1921H,6F4F20000278D521,1800,0.5,2024-11-14 22:31:00 UTC-10:00,2024-11-15 08:31:00 UTC+00:00,4214,5419,FALSE,16.75,46.375,3.5.4,2048,2024-11-14 22:31:00,2024-12-27 14:01:00
Ewa,EWA42,DS1921H,364F20000265EA21,1800,0.5,2024-11-14 22:32:00 UTC-10:00,2024-11-15 08:32:00 UTC+00:00,4213,5417,FALSE,17,32.875,3.5.4,2048,2024-11-14 22:32:00,2024-12-27 14:02:00
Ewa,EWA45,DS1921H,3D4F200002769221,1800,0.5,2024-11-14 21:31:00 UTC-10:00,2024-11-15 07:31:00 UTC+00:00,4218,5419,FALSE,17.25,46.375,3.5.4,2048,2024-11-14 21:31:00,2024-12-27 13:01:00
Ewa,EWA46,DS1921H,2C4F200002626221,1800,0.5,2024-11-14 20:31:00 UTC-10:00,2024-11-15 06:31:00 UTC+00:00,4218,5417,FALSE,18.125,46.375,3.5.4,2048,2024-11-14 20:31:00,2024-12-27 12:01:00
Ewa,EWA48,DS1921H,3A4F200002683521,1800,0.5,2024-11-14 22:31:00 UTC-10:00,2024-11-15 08:31:00 UTC+00:00,4216,5418,FALSE,16.875,37.25,3.5.4,2048,2024-11-14 22:31:00,2024-12-27 14:01:00
Ewa,EWA50,DS1921H,B74F200002766921,1800,0.5,2024-11-14 21:01:00 UTC-10:00,2024-11-15 07:01:00 UTC+00:00,4219,5418,FALSE,16.375,46.375,3.5.4,2048,2024-11-14 21:01:00,2024-12-27 12:31:00
