sensor_id,region,latitude,longitude,setting
HNL01,Honolulu,21.292930695,-157.813130937,Grass Area with Tree Border
HNL03,Honolulu,21.285501833,-157.817752579,Managed Grassland
HNL04,Honolulu,21.290175,-157.812344,Dense Urban
HNL05,Honolulu,21.28474937,-157.811280959,Dense Urban
HNL08,Honolulu,21.278628084,-157.81447177,Managed Grassland
HNL09,Honolulu,21.283978395,-157.81569285,Dense Urban
HNL12,Honolulu,21.281415362,-157.832955799,Grass Area with Tree Border
HNL14,Honolulu,21.284504221,-157.827586404,Multi-use Recreational Park
HNL17,Honolulu,21.263002712,-157.817143746,High Canopy Park
HNL18,Honolulu,21.303836,-157.841841,Grass Area with Tree Border
HNL20,Honolulu,21.295581247,-157.8129178,Managed Wetland
HNL21,Honolulu,21.281589967,-157.829816609,Grass Area with Tree Border
HNL22,Honolulu,21.273844414,-157.818926801,Dense Urban
HNL26,Honolulu,21.292615219,-157.855026541,High Canopy Park
HNL30,Honolulu,21.309360017,-157.850490472,Multi-use Recreational Park
HNL31,Honolulu,21.273462023,-157.812278011,Dense Urban
HNL32,Honolulu,21.297909011,-157.844893264,Multi-use Recreational Park
HNL33,Honolulu,21.281644446,-157.829162737,Dense Urban
HNL34,Honolulu,21.296507333,-157.836218307,Dense Urban
HNL35,Honolulu,21.302426,-157.836616,Multi-use Recreational Park
HNL37,Honolulu,21.302861681,-157.849712717,High Canopy Park
HNL38,Honolulu,21.296868386,-157.864308776,Dense Urban
HNL43,Honolulu,21.304100638,-157.83255782,Dense Urban
HNL44,Honolulu,21.301826,-157.839045,Dense Urban
HNL45,Honolulu,21.308150326,-157.852493874,Dense Urban
HNL47,Honolulu,21.288078708,-157.824414177,Dense Urban
HNL50,Honolulu,21.292910827,-157.827396642,Grass Area with Tree Border
Hnl15a,Honolulu,21.293465603,-157.840659614,Dense Urban
Hnl21a,Honolulu,21.276858497,-157.811028864,Unmanaged Grassland
ID06,Honolulu,21.292148013,-157.854168527,Grass Area with Tree Border
ID07,Honolulu,21.288479952,-157.838594776,High Canopy Park
ID22,Honolulu,21.295181993,-157.815143784,Grass Area with Tree Border
ID26,Honolulu,21.296077264,-157.845905829,Grass Area with Tree Border
ID27,Honolulu,21.299212947,-157.827035957,Dense Urban
ID41,Honolulu,21.299348096,-157.823310616,Dense Urban
ID46,Honolulu,21.287044128,-157.830554688,Managed Grassland
AD1,Ewa,21.349836569,-158.030100611,Multi-use Recreational Park
AD3,Ewa,21.334759503,-158.06916051,Dense Urban
EWA03,Ewa,21.345918711,-158.065482453,Dense Urban
EWA04,Ewa,21.339789015,-158.037005391,Dense Urban
EWA05,Ewa,21.370368751,-158.023791244,Grass Area with Tree Border
EWA07,Ewa,21.329647578,-158.070178922,Managed Grassland
EWA08,Ewa,21.372199715,-158.022486748,Dense Urban
EWA09,Ewa,21.330632881,-158.069245524,Dense Urban
EWA12,Ewa,21.369170738,-158.024983689,Dense Urban
EWA13,Ewa,21.334712141,-158.041695508,Unmanaged Grassland
EWA14,Ewa,21.329503,-158.090353,Dense Urban
EWA15,Ewa,21.337956344,-158.038274018,Dense Urban
EWA16,Ewa,21.334465376,-158.076492749,Unmanaged Grassland
EWA17,Ewa,21.338117657,-158.060792231,Managed Grassland
EWA18,Ewa,21.341560585,-158.024799561,Dense Urban
EWA19,Ewa,21.340979836,-158.042379912,Dense Urban
EWA20,Ewa,21.357972046,-158.02559248,High Canopy Park
EWA21,Ewa,21.355951408,-158.025926473,Dense Urban
EWA23,Ewa,21.356789859,-158.054716378,Unmanaged Grassland
EWA24,Ewa,21.356265014,-158.058572142,Managed Grassland
EWA25,Ewa,21.332712275,-158.053561879,Dense Urban
EWA26,Ewa,21.310330316,-158.100173382,Dense Urban
EWA28,Ewa,21.333629188,-158.067358943,Multi-use Recreational Park
EWA29,Ewa,21.329299422,-158.072430847,Dense Urban
EWA31,Ewa,21.328747314,-158.073549188,Dense Urban
EWA32,Ewa,21.333229395,-158.080909574,Dense Urban
EWA33,Ewa,21.342920264,-158.041422452,Managed Grassland
EWA35,Ewa,21.369949853,-158.027661941,Grass Area with Tree Border
EWA36,Ewa,21.354431079,-158.061945848,Unmanaged Grassland
EWA37,Ewa,21.342016468,-158.020941334,Dense Urban
EWA38,Ewa,21.335000101,-158.044283328,Unmanaged Grassland
EWA39,Ewa,21.3376646,-158.053484081,Dense Urban
EWA40,Ewa,21.3289547,-158.075093612,Dense Urban
EWA42,Ewa,21.336057076,-158.037618593,Grass Area with Tree Border
EWA45,Ewa,21.348297007,-158.032308791,Dense Urban
EWA46,Ewa,21.319870001,-158.116895423,Dense Urban
EWA48,Ewa,21.337463633,-158.018168167,Unmanaged Grassland
EWA50,Ewa,21.344363191,-158.035842688,Dense Urban
